{
	"textures": {
		"0": "animated_java:item/spotlight/texture"
	},
	"display": {
		"head": {
			"rotation": [0, 180, 0]
		}
	},
	"elements": [
		{
			"from": [4, 8, 4],
			"to": [12, 9.5, 12],
			"rotation": {
				"angle": 0,
				"axis": "y",
				"origin": [8, 8, 7]
			},
			"faces": {
				"north": {
					"uv": [3.5, 2, 5.5, 2.5],
					"texture": "#0"
				},
				"east": {
					"uv": [3.5, 2, 5.5, 2.5],
					"texture": "#0"
				},
				"south": {
					"uv": [3.5, 2, 5.5, 2.5],
					"texture": "#0"
				},
				"west": {
					"uv": [3.5, 2, 5.5, 2.5],
					"texture": "#0"
				},
				"up": {
					"uv": [7.5, 2, 5.5, 0],
					"texture": "#0"
				},
				"down": {
					"uv": [5.5, 0, 3.5, 2],
					"texture": "#0"
				}
			}
		},
		{
			"from": [6, 9.5, 6],
			"to": [10, 15.5, 10],
			"rotation": {
				"angle": 0,
				"axis": "y",
				"origin": [8, 9.5, 7]
			},
			"faces": {
				"north": {
					"uv": [2.5, 0, 3.5, 1.5],
					"texture": "#0"
				},
				"east": {
					"uv": [2.5, 0, 3.5, 1.5],
					"texture": "#0"
				},
				"south": {
					"uv": [2.5, 0, 3.5, 1.5],
					"texture": "#0"
				},
				"west": {
					"uv": [2.5, 0, 3.5, 1.5],
					"texture": "#0"
				},
				"up": {
					"uv": [3.5, 2.5, 2.5, 1.5],
					"texture": "#0"
				},
				"down": {
					"uv": [3.5, 1.5, 2.5, 2.5],
					"texture": "#0"
				}
			}
		}
	]
}