{
    "parent": "minecraft:item/generated",
    "textures": {
        "layer0": "minecraft:item/paper"
    },
    "overrides": [
        {"predicate": {"custom_model_data": 0}, "model": "triland:item/theinnocentfool"},
        {"predicate": {"custom_model_data": 1}, "model": "triland:item/girlfr1qnd"},
        {"predicate": {"custom_model_data": 2}, "model": "triland:item/pvddinq"},
        {"predicate": {"custom_model_data": 3}, "model": "triland:item/zukinini"},
        {"predicate": {"custom_model_data": 4}, "model": "triland:item/scout"},
        {"predicate": {"custom_model_data": 5}, "model": "triland:item/dinner_plate"},
        {"predicate": {"custom_model_data": 6}, "model": "triland:item/mossy_tuff"},
        {"predicate": {"custom_model_data": 7}, "model": "triland:item/christmas_tree"},
        {"predicate": {"custom_model_data": 8}, "model": "triland:item/trash_can_small"},
        {"predicate": {"custom_model_data": 9}, "model": "triland:item/snowman"},
        {"predicate": {"custom_model_data": 10}, "model": "triland:item/snowgolem"}
    ]
}