{
	"credit": "Made with Blockbench",
	"texture_size": [32, 32],
	"textures": {
		"0": "triland:item/ak47",
		"particle": "triland:item/ak47"
	},
	"elements": [
		{
			"from": [7.5, 4, 10.5],
			"to": [8.5, 9, 12.5],
			"rotation": {"angle": -22.5, "axis": "x", "origin": [8, 9, 10.5]},
			"faces": {
				"north": {"uv": [7, 10.5, 7.5, 13], "texture": "#0"},
				"east": {"uv": [7, 8, 8, 10.5], "texture": "#0"},
				"south": {"uv": [7.5, 10.5, 8, 13], "texture": "#0"},
				"west": {"uv": [8, 8, 9, 10.5], "texture": "#0"},
				"up": {"uv": [9, 3, 8.5, 2], "texture": "#0"},
				"down": {"uv": [11.5, 9, 11, 10], "texture": "#0"}
			}
		},
		{
			"from": [7.5, 7, 8.5],
			"to": [8.5, 7, 10.5],
			"rotation": {"angle": 0, "axis": "y", "origin": [8, 9, 10.5]},
			"faces": {
				"north": {"uv": [0, 0, 0.5, 0], "texture": "#0"},
				"east": {"uv": [0, 0, 1, 0], "texture": "#0"},
				"south": {"uv": [0, 0, 0.5, 0], "texture": "#0"},
				"west": {"uv": [0, 0, 1, 0], "texture": "#0"},
				"up": {"uv": [0.5, 12.5, 0, 11.5], "texture": "#0"},
				"down": {"uv": [1, 11.5, 0.5, 12.5], "texture": "#0"}
			}
		},
		{
			"from": [8, 8, 9.5],
			"to": [8, 9, 10.5],
			"rotation": {"angle": 0, "axis": "y", "origin": [8, 9, 10.5]},
			"faces": {
				"north": {"uv": [0, 0, 0, 0.5], "texture": "#0"},
				"east": {"uv": [12, 6, 12.5, 6.5], "texture": "#0"},
				"south": {"uv": [0, 0, 0, 0.5], "texture": "#0"},
				"west": {"uv": [6.5, 12, 7, 12.5], "texture": "#0"},
				"up": {"uv": [0, 0.5, 0, 0], "texture": "#0"},
				"down": {"uv": [0, 0, 0, 0.5], "texture": "#0"}
			}
		},
		{
			"from": [7.5, 7, 7.5],
			"to": [8.5, 9, 8.5],
			"rotation": {"angle": 0, "axis": "y", "origin": [8, 9, 10.5]},
			"faces": {
				"north": {"uv": [1, 11.5, 1.5, 12.5], "texture": "#0"},
				"east": {"uv": [1.5, 11.5, 2, 12.5], "texture": "#0"},
				"south": {"uv": [2, 11.5, 2.5, 12.5], "texture": "#0"},
				"west": {"uv": [2.5, 11.5, 3, 12.5], "texture": "#0"},
				"up": {"uv": [12.5, 3, 12, 2.5], "texture": "#0"},
				"down": {"uv": [12.5, 5, 12, 5.5], "texture": "#0"}
			}
		},
		{
			"from": [7.505, 7, 10.5],
			"to": [8.495, 9, 11.5],
			"rotation": {"angle": 0, "axis": "y", "origin": [8, 9, 10.5]},
			"faces": {
				"north": {"uv": [11.5, 5, 12, 6], "texture": "#0"},
				"east": {"uv": [11.5, 6, 12, 7], "texture": "#0"},
				"south": {"uv": [8, 11.5, 8.5, 12.5], "texture": "#0"},
				"west": {"uv": [11.5, 8, 12, 9], "texture": "#0"},
				"up": {"uv": [12.5, 6, 12, 5.5], "texture": "#0"},
				"down": {"uv": [6.5, 12, 6, 12.5], "texture": "#0"}
			}
		},
		{
			"from": [7.5, 1, 4.5],
			"to": [8.5, 9, 7.5],
			"rotation": {"angle": 22.5, "axis": "x", "origin": [8, 9, 7.5]},
			"faces": {
				"north": {"uv": [3, 9, 3.5, 13], "texture": "#0"},
				"east": {"uv": [2, 3, 3.5, 7], "texture": "#0"},
				"south": {"uv": [3.5, 9, 4, 13], "texture": "#0"},
				"west": {"uv": [3.5, 3, 5, 7], "texture": "#0"},
				"up": {"uv": [9.5, 12.5, 9, 11], "texture": "#0"},
				"down": {"uv": [10, 11, 9.5, 12.5], "texture": "#0"}
			}
		},
		{
			"from": [7.01, 9, 12.5],
			"to": [8.99, 11, 13.5],
			"rotation": {"angle": 0, "axis": "y", "origin": [8, 9, 10.5]},
			"faces": {
				"north": {"uv": [10, 9, 11, 10], "texture": "#0"},
				"east": {"uv": [10, 11, 10.5, 12], "texture": "#0"},
				"south": {"uv": [8, 10.5, 9, 11.5], "texture": "#0"},
				"west": {"uv": [10.5, 11, 11, 12], "texture": "#0"},
				"up": {"uv": [10, 7, 9, 6.5], "texture": "#0"},
				"down": {"uv": [12, 11, 11, 11.5], "texture": "#0"}
			}
		},
		{
			"from": [9, 10, 4],
			"to": [11, 11, 4],
			"rotation": {"angle": 0, "axis": "y", "origin": [8, 9, 11]},
			"faces": {
				"north": {"uv": [11, 11.5, 12, 12], "texture": "#0"},
				"east": {"uv": [0, 0, 0, 0.5], "texture": "#0"},
				"south": {"uv": [12, 0, 13, 0.5], "texture": "#0"},
				"west": {"uv": [0, 0, 0, 0.5], "texture": "#0"},
				"up": {"uv": [1, 0, 0, 0], "texture": "#0"},
				"down": {"uv": [1, 0, 0, 0], "texture": "#0"}
			}
		},
		{
			"from": [7, 9, -4.5],
			"to": [9, 12, 12.5],
			"rotation": {"angle": 0, "axis": "y", "origin": [8, 9, 10.5]},
			"faces": {
				"north": {"uv": [10, 2, 11, 3.5], "texture": "#0"},
				"east": {"uv": [0, 0, 8.5, 1.5], "texture": "#0"},
				"south": {"uv": [10, 3.5, 11, 5], "texture": "#0"},
				"west": {"uv": [0, 1.5, 8.5, 3], "texture": "#0"},
				"up": {"uv": [1, 11.5, 0, 3], "texture": "#0"},
				"down": {"uv": [2, 3, 1, 11.5], "texture": "#0"}
			}
		},
		{
			"from": [7.5, 9.25, -15],
			"to": [8.5, 10.25, -4],
			"rotation": {"angle": 45, "axis": "z", "origin": [8, 9.75, -7]},
			"faces": {
				"north": {"uv": [12, 8.5, 12.5, 9], "texture": "#0"},
				"east": {"uv": [7, 7, 12.5, 7.5], "texture": "#0"},
				"south": {"uv": [10, 12, 10.5, 12.5], "texture": "#0"},
				"west": {"uv": [7, 7.5, 12.5, 8], "texture": "#0"},
				"up": {"uv": [4.5, 12.5, 4, 7], "texture": "#0"},
				"down": {"uv": [5, 7, 4.5, 12.5], "texture": "#0"}
			}
		},
		{
			"from": [7.5, 10.75, -8.5],
			"to": [8.5, 11.75, -4.5],
			"rotation": {"angle": 0, "axis": "y", "origin": [8, 11.25, -11]},
			"faces": {
				"north": {"uv": [10.5, 12, 11, 12.5], "texture": "#0"},
				"east": {"uv": [11, 3, 13, 3.5], "texture": "#0"},
				"south": {"uv": [11, 12, 11.5, 12.5], "texture": "#0"},
				"west": {"uv": [11, 3.5, 13, 4], "texture": "#0"},
				"up": {"uv": [5.5, 13, 5, 11], "texture": "#0"},
				"down": {"uv": [6, 11, 5.5, 13], "texture": "#0"}
			}
		},
		{
			"from": [8, 9.75, -8.5],
			"to": [8, 11.75, -7.5],
			"rotation": {"angle": 45, "axis": "x", "origin": [8, 11.75, -8.5]},
			"faces": {
				"north": {"uv": [0, 0, 0, 1], "texture": "#0"},
				"east": {"uv": [8.5, 11.5, 9, 12.5], "texture": "#0"},
				"south": {"uv": [0, 0, 0, 1], "texture": "#0"},
				"west": {"uv": [12, 0.5, 12.5, 1.5], "texture": "#0"},
				"up": {"uv": [0, 0.5, 0, 0], "texture": "#0"},
				"down": {"uv": [0, 0, 0, 0.5], "texture": "#0"}
			}
		},
		{
			"from": [8, 9.75, -14],
			"to": [8, 11.75, -13],
			"rotation": {"angle": 0, "axis": "y", "origin": [8, 11.75, -12]},
			"faces": {
				"north": {"uv": [0, 0, 0, 1], "texture": "#0"},
				"east": {"uv": [12, 1.5, 12.5, 2.5], "texture": "#0"},
				"south": {"uv": [0, 0, 0, 1], "texture": "#0"},
				"west": {"uv": [12, 4, 12.5, 5], "texture": "#0"},
				"up": {"uv": [0, 0.5, 0, 0], "texture": "#0"},
				"down": {"uv": [0, 0, 0, 0.5], "texture": "#0"}
			}
		},
		{
			"from": [7.0199, 11, 12.5],
			"to": [8.9801, 12, 13.91421],
			"rotation": {"angle": 45, "axis": "x", "origin": [8, 12, 12.5]},
			"faces": {
				"north": {"uv": [11.5, 9, 12.5, 9.5], "texture": "#0"},
				"east": {"uv": [12, 6.5, 12.5, 7], "texture": "#0"},
				"south": {"uv": [11.5, 9.5, 12.5, 10], "texture": "#0"},
				"west": {"uv": [12, 8, 12.5, 8.5], "texture": "#0"},
				"up": {"uv": [12.5, 10.5, 11.5, 10], "texture": "#0"},
				"down": {"uv": [12.5, 10.5, 11.5, 11], "texture": "#0"}
			}
		},
		{
			"from": [7, 9, 13.5],
			"to": [9, 11, 21.5],
			"rotation": {"angle": 22.5, "axis": "x", "origin": [8, 11, 13.5]},
			"faces": {
				"north": {"uv": [10.5, 10, 11.5, 11], "texture": "#0"},
				"east": {"uv": [5, 3, 9, 4], "texture": "#0"},
				"south": {"uv": [11, 0, 12, 1], "texture": "#0"},
				"west": {"uv": [5, 4, 9, 5], "texture": "#0"},
				"up": {"uv": [6, 9, 5, 5], "texture": "#0"},
				"down": {"uv": [7, 5, 6, 9], "texture": "#0"}
			}
		},
		{
			"from": [7, 6.09077, 20.12567],
			"to": [9, 10.09077, 24.12567],
			"rotation": {"angle": 0, "axis": "y", "origin": [8, 8.09077, 12.12567]},
			"faces": {
				"north": {"uv": [9, 4.5, 10, 6.5], "texture": "#0"},
				"east": {"uv": [2, 7, 4, 9], "texture": "#0"},
				"south": {"uv": [5, 9, 6, 11], "texture": "#0"},
				"west": {"uv": [7, 5, 9, 7], "texture": "#0"},
				"up": {"uv": [7, 11, 6, 9], "texture": "#0"},
				"down": {"uv": [10, 8, 9, 10], "texture": "#0"}
			}
		},
		{
			"from": [7.01, 8.09077, 15.12567],
			"to": [8.99, 10.09077, 20.12567],
			"rotation": {"angle": 0, "axis": "y", "origin": [8, 8.09077, 10.62567]},
			"faces": {
				"north": {"uv": [11, 1, 12, 2], "texture": "#0"},
				"east": {"uv": [8.5, 0, 11, 1], "texture": "#0"},
				"south": {"uv": [11, 2, 12, 3], "texture": "#0"},
				"west": {"uv": [8.5, 1, 11, 2], "texture": "#0"},
				"up": {"uv": [3, 11.5, 2, 9], "texture": "#0"},
				"down": {"uv": [10, 2, 9, 4.5], "texture": "#0"}
			}
		},
		{
			"from": [6.5, 8.5, 0.5],
			"to": [9.5, 10.5, 2.5],
			"rotation": {"angle": 0, "axis": "y", "origin": [7, 8.5, 0.5]},
			"faces": {
				"north": {"uv": [10, 5, 11.5, 6], "texture": "#0"},
				"east": {"uv": [11, 4, 12, 5], "texture": "#0"},
				"south": {"uv": [10, 6, 11.5, 7], "texture": "#0"},
				"west": {"uv": [6, 11, 7, 12], "texture": "#0"},
				"up": {"uv": [11.5, 9, 10, 8], "texture": "#0"},
				"down": {"uv": [10.5, 10, 9, 11], "texture": "#0"}
			}
		},
		{
			"name": "cube inverted",
			"from": [9.5, 10.5, 2.5],
			"to": [6.5, 8.5, 0.5],
			"rotation": {"angle": 0, "axis": "y", "origin": [7, 8.5, 0.5]},
			"faces": {
				"north": {"uv": [10, 7, 11.5, 6], "texture": "#0"},
				"east": {"uv": [6, 12, 7, 11], "texture": "#0"},
				"south": {"uv": [10, 6, 11.5, 5], "texture": "#0"},
				"west": {"uv": [11, 5, 12, 4], "texture": "#0"},
				"up": {"uv": [9, 10, 10.5, 11], "texture": "#0"},
				"down": {"uv": [10, 9, 11.5, 8], "texture": "#0"}
			}
		}
	],
	"display": {
		"thirdperson_righthand": {
			"translation": [0, 0, -1],
			"scale": [0.6, 0.6, 0.6]
		},
		"thirdperson_lefthand": {
			"translation": [0, 0, -1],
			"scale": [0.6, 0.6, 0.6]
		},
		"firstperson_righthand": {
			"translation": [0, 0.5, 0]
		},
		"firstperson_lefthand": {
			"translation": [0, 0.5, 0]
		},
		"ground": {
			"rotation": [0, 0, 90],
			"translation": [0, -0.25, 0]
		},
		"gui": {
			"rotation": [24, 159, 0],
			"translation": [1, -0.25, 0]
		},
		"head": {
			"rotation": [0, 0, 90],
			"translation": [0, 7.25, 0]
		},
		"fixed": {
			"rotation": [0, 90, 0],
			"translation": [0, 0, -0.5]
		}
	},
	"groups": [
		{
			"name": "ak47",
			"origin": [7, 4.5, 0.5],
			"color": 0,
			"children": [0, 1, 2, 3, 4, 5, 6, 7, 8, 9, 10, 11, 12, 13, 14, 15, 16, 17, 18]
		}
	]
}