{
	"credit": "Made with Blockbench",
	"textures": {
		"mesh_atlas": "triland:item/bostaff"
	},
	"elements": [
		{
			"name": "Voxels",
			"from": [7.375, -14.75, 7.875],
			"to": [8.75, 31.75, 8.25],
			"faces": {
				"north": {"uv": [0.34375, 4.375, 0, 16], "texture": "#mesh_atlas"},
				"east": {"uv": [4.875, 4.375, 4.78125, 16], "texture": "#mesh_atlas"},
				"south": {"uv": [0.34375, 4.375, 0.6875, 16], "texture": "#mesh_atlas"},
				"west": {"uv": [4.6875, 4.375, 4.78125, 16], "texture": "#mesh_atlas"},
				"up": {"uv": [0, 3.5, 0.34375, 3.40625], "texture": "#mesh_atlas"},
				"down": {"uv": [0, 3.3125, 0.34375, 3.40625], "texture": "#mesh_atlas"}
			}
		},
		{
			"name": "Voxels",
			"from": [7.375, -14.625, 7.75],
			"to": [8.75, 31.625, 7.875],
			"faces": {
				"north": {"uv": [1.375, 4.4375, 1.03125, 16], "texture": "#mesh_atlas"},
				"east": {"uv": [5.1875, 4.4375, 5.15625, 16], "texture": "#mesh_atlas"},
				"south": {"uv": [0.6875, 4.4375, 1.03125, 16], "texture": "#mesh_atlas"},
				"west": {"uv": [5.125, 4.4375, 5.15625, 16], "texture": "#mesh_atlas"},
				"up": {"uv": [0, 2.53125, 0.34375, 2.5], "texture": "#mesh_atlas"},
				"down": {"uv": [0, 2.53125, 0.34375, 2.5625], "texture": "#mesh_atlas"}
			}
		},
		{
			"name": "Voxels",
			"from": [7.375, -14.625, 8.25],
			"to": [8.75, 31.625, 8.375],
			"faces": {
				"north": {"uv": [1.71875, 4.4375, 1.375, 16], "texture": "#mesh_atlas"},
				"east": {"uv": [5.25, 4.4375, 5.21875, 16], "texture": "#mesh_atlas"},
				"south": {"uv": [1.71875, 4.4375, 2.0625, 16], "texture": "#mesh_atlas"},
				"west": {"uv": [5.1875, 4.4375, 5.21875, 16], "texture": "#mesh_atlas"},
				"up": {"uv": [0, 2.625, 0.34375, 2.59375], "texture": "#mesh_atlas"},
				"down": {"uv": [0, 2.5625, 0.34375, 2.59375], "texture": "#mesh_atlas"}
			}
		},
		{
			"name": "Voxels",
			"from": [7.5, -14.875, 7.75],
			"to": [8.625, -14.625, 7.875],
			"faces": {
				"north": {"uv": [0.28125, 2.625, 0, 2.6875], "texture": "#mesh_atlas"},
				"east": {"uv": [0.3125, 4.3125, 0.28125, 4.375], "texture": "#mesh_atlas"},
				"south": {"uv": [0, 2.9375, 0.28125, 3], "texture": "#mesh_atlas"},
				"west": {"uv": [0.28125, 4.125, 0.3125, 4.1875], "texture": "#mesh_atlas"},
				"up": {"uv": [0, 2.3125, 0.28125, 2.28125], "texture": "#mesh_atlas"},
				"down": {"uv": [0, 2.25, 0.28125, 2.28125], "texture": "#mesh_atlas"}
			}
		},
		{
			"name": "Voxels",
			"from": [7.5, -14.875, 7.875],
			"to": [8.625, -14.75, 8.375],
			"faces": {
				"north": {"uv": [0.28125, 2.21875, 0, 2.25], "texture": "#mesh_atlas"},
				"east": {"uv": [0.34375, 4.0625, 0.21875, 4.09375], "texture": "#mesh_atlas"},
				"south": {"uv": [0, 2.03125, 0.28125, 2.0625], "texture": "#mesh_atlas"},
				"west": {"uv": [0.21875, 4.09375, 0.34375, 4.125], "texture": "#mesh_atlas"},
				"up": {"uv": [0, 4.375, 0.28125, 4.25], "texture": "#mesh_atlas"},
				"down": {"uv": [0, 4.125, 0.28125, 4.25], "texture": "#mesh_atlas"}
			}
		},
		{
			"name": "Voxels",
			"from": [7.5, -14.75, 7.625],
			"to": [8.625, 31.75, 7.75],
			"faces": {
				"north": {"uv": [2.34375, 4.375, 2.0625, 16], "texture": "#mesh_atlas"},
				"east": {"uv": [5, 4.375, 4.96875, 16], "texture": "#mesh_atlas"},
				"south": {"uv": [2.34375, 4.375, 2.625, 16], "texture": "#mesh_atlas"},
				"west": {"uv": [4.9375, 4.375, 4.96875, 16], "texture": "#mesh_atlas"},
				"up": {"uv": [0, 2.40625, 0.28125, 2.375], "texture": "#mesh_atlas"},
				"down": {"uv": [0, 2.46875, 0.28125, 2.5], "texture": "#mesh_atlas"}
			}
		},
		{
			"name": "Voxels",
			"from": [7.5, -14.75, 8.25],
			"to": [8.625, -14.625, 8.5],
			"faces": {
				"north": {"uv": [0.28125, 2.0625, 0, 2.09375], "texture": "#mesh_atlas"},
				"east": {"uv": [0.34375, 4.25, 0.28125, 4.28125], "texture": "#mesh_atlas"},
				"south": {"uv": [0, 2.3125, 0.28125, 2.34375], "texture": "#mesh_atlas"},
				"west": {"uv": [0.28125, 4.28125, 0.34375, 4.3125], "texture": "#mesh_atlas"},
				"up": {"uv": [0, 2.8125, 0.28125, 2.75], "texture": "#mesh_atlas"},
				"down": {"uv": [0, 2.875, 0.28125, 2.9375], "texture": "#mesh_atlas"}
			}
		},
		{
			"name": "Voxels",
			"from": [7.5, -14.625, 8.375],
			"to": [8.625, 31.75, 8.5],
			"faces": {
				"north": {"uv": [3.1875, 4.40625, 2.90625, 16], "texture": "#mesh_atlas"},
				"east": {"uv": [5.09375, 4.40625, 5.0625, 16], "texture": "#mesh_atlas"},
				"south": {"uv": [2.625, 4.40625, 2.90625, 16], "texture": "#mesh_atlas"},
				"west": {"uv": [5.09375, 4.40625, 5.125, 16], "texture": "#mesh_atlas"},
				"up": {"uv": [0, 2.46875, 0.28125, 2.4375], "texture": "#mesh_atlas"},
				"down": {"uv": [0, 2.40625, 0.28125, 2.4375], "texture": "#mesh_atlas"}
			}
		},
		{
			"name": "Voxels",
			"from": [7.5, 31.625, 7.75],
			"to": [8.625, 31.875, 7.875],
			"faces": {
				"north": {"uv": [0.28125, 3, 0, 3.0625], "texture": "#mesh_atlas"},
				"east": {"uv": [0.3125, 4.1875, 0.28125, 4.25], "texture": "#mesh_atlas"},
				"south": {"uv": [0, 3.0625, 0.28125, 3.125], "texture": "#mesh_atlas"},
				"west": {"uv": [0.3125, 4.3125, 0.34375, 4.375], "texture": "#mesh_atlas"},
				"up": {"uv": [0, 2.21875, 0.28125, 2.1875], "texture": "#mesh_atlas"},
				"down": {"uv": [0, 2.09375, 0.28125, 2.125], "texture": "#mesh_atlas"}
			}
		},
		{
			"name": "Voxels",
			"from": [7.5, 31.625, 8.25],
			"to": [8.625, 31.875, 8.375],
			"faces": {
				"north": {"uv": [0.28125, 2.6875, 0, 2.75], "texture": "#mesh_atlas"},
				"east": {"uv": [0.34375, 4.1875, 0.3125, 4.25], "texture": "#mesh_atlas"},
				"south": {"uv": [0, 2.8125, 0.28125, 2.875], "texture": "#mesh_atlas"},
				"west": {"uv": [0.3125, 4.125, 0.34375, 4.1875], "texture": "#mesh_atlas"},
				"up": {"uv": [0, 2.03125, 0.28125, 2], "texture": "#mesh_atlas"},
				"down": {"uv": [0, 2.125, 0.28125, 2.15625], "texture": "#mesh_atlas"}
			}
		},
		{
			"name": "Voxels",
			"from": [7.5, 31.75, 7.875],
			"to": [8.625, 31.875, 8.25],
			"faces": {
				"north": {"uv": [0.28125, 2.34375, 0, 2.375], "texture": "#mesh_atlas"},
				"east": {"uv": [0.3125, 4.03125, 0.21875, 4.0625], "texture": "#mesh_atlas"},
				"south": {"uv": [0, 2.15625, 0.28125, 2.1875], "texture": "#mesh_atlas"},
				"west": {"uv": [0.21875, 4, 0.3125, 4.03125], "texture": "#mesh_atlas"},
				"up": {"uv": [0, 3.3125, 0.28125, 3.21875], "texture": "#mesh_atlas"},
				"down": {"uv": [0, 3.125, 0.28125, 3.21875], "texture": "#mesh_atlas"}
			}
		},
		{
			"name": "Voxels",
			"from": [7.625, -15, 7.75],
			"to": [8.5, -14.875, 8.375],
			"faces": {
				"north": {"uv": [0.21875, 1.71875, 0, 1.75], "texture": "#mesh_atlas"},
				"east": {"uv": [0.3125, 0.8125, 0.15625, 0.84375], "texture": "#mesh_atlas"},
				"south": {"uv": [0, 1.6875, 0.21875, 1.71875], "texture": "#mesh_atlas"},
				"west": {"uv": [0, 0.71875, 0.15625, 0.75], "texture": "#mesh_atlas"},
				"up": {"uv": [0, 3.8125, 0.21875, 3.65625], "texture": "#mesh_atlas"},
				"down": {"uv": [0, 3.8125, 0.21875, 3.96875], "texture": "#mesh_atlas"}
			}
		},
		{
			"name": "Voxels",
			"from": [7.625, -14.875, 7.625],
			"to": [8.5, -14.75, 7.75],
			"faces": {
				"north": {"uv": [0.21875, 1.59375, 0, 1.625], "texture": "#mesh_atlas"},
				"east": {"uv": [0.34375, 3.96875, 0.3125, 4], "texture": "#mesh_atlas"},
				"south": {"uv": [0, 1.5625, 0.21875, 1.59375], "texture": "#mesh_atlas"},
				"west": {"uv": [0.3125, 3.9375, 0.34375, 3.96875], "texture": "#mesh_atlas"},
				"up": {"uv": [0, 1.65625, 0.21875, 1.625], "texture": "#mesh_atlas"},
				"down": {"uv": [0, 1.65625, 0.21875, 1.6875], "texture": "#mesh_atlas"}
			}
		},
		{
			"name": "Voxels",
			"from": [7.625, -14.875, 8.375],
			"to": [8.5, -14.75, 8.5],
			"faces": {
				"north": {"uv": [0.21875, 1.46875, 0, 1.5], "texture": "#mesh_atlas"},
				"east": {"uv": [0.34375, 3.75, 0.3125, 3.78125], "texture": "#mesh_atlas"},
				"south": {"uv": [0, 1.4375, 0.21875, 1.46875], "texture": "#mesh_atlas"},
				"west": {"uv": [0.3125, 3.71875, 0.34375, 3.75], "texture": "#mesh_atlas"},
				"up": {"uv": [0, 1.53125, 0.21875, 1.5], "texture": "#mesh_atlas"},
				"down": {"uv": [0, 1.53125, 0.21875, 1.5625], "texture": "#mesh_atlas"}
			}
		},
		{
			"name": "Voxels",
			"from": [7.625, -14.75, 7.5],
			"to": [8.5, 31.75, 7.625],
			"faces": {
				"north": {"uv": [3.625, 4.375, 3.40625, 16], "texture": "#mesh_atlas"},
				"east": {"uv": [4.9375, 4.375, 4.90625, 16], "texture": "#mesh_atlas"},
				"south": {"uv": [3.625, 4.375, 3.84375, 16], "texture": "#mesh_atlas"},
				"west": {"uv": [5, 4.375, 5.03125, 16], "texture": "#mesh_atlas"},
				"up": {"uv": [0, 1.40625, 0.21875, 1.375], "texture": "#mesh_atlas"},
				"down": {"uv": [0, 1.40625, 0.21875, 1.4375], "texture": "#mesh_atlas"}
			}
		},
		{
			"name": "Voxels",
			"from": [7.625, -14.75, 8.5],
			"to": [8.5, 31.75, 8.625],
			"faces": {
				"north": {"uv": [3.40625, 4.375, 3.1875, 16], "texture": "#mesh_atlas"},
				"east": {"uv": [5.0625, 4.375, 5.03125, 16], "texture": "#mesh_atlas"},
				"south": {"uv": [3.84375, 4.375, 4.0625, 16], "texture": "#mesh_atlas"},
				"west": {"uv": [4.875, 4.375, 4.90625, 16], "texture": "#mesh_atlas"},
				"up": {"uv": [0, 1.34375, 0.21875, 1.3125], "texture": "#mesh_atlas"},
				"down": {"uv": [0, 1.34375, 0.21875, 1.375], "texture": "#mesh_atlas"}
			}
		},
		{
			"name": "Voxels",
			"from": [7.625, 31.75, 7.625],
			"to": [8.5, 31.875, 7.75],
			"faces": {
				"north": {"uv": [0.21875, 1.96875, 0, 2], "texture": "#mesh_atlas"},
				"east": {"uv": [0.34375, 3.6875, 0.3125, 3.71875], "texture": "#mesh_atlas"},
				"south": {"uv": [0, 1.9375, 0.21875, 1.96875], "texture": "#mesh_atlas"},
				"west": {"uv": [0.28125, 3.25, 0.3125, 3.28125], "texture": "#mesh_atlas"},
				"up": {"uv": [0, 1.28125, 0.21875, 1.25], "texture": "#mesh_atlas"},
				"down": {"uv": [0, 1.28125, 0.21875, 1.3125], "texture": "#mesh_atlas"}
			}
		},
		{
			"name": "Voxels",
			"from": [7.625, 31.75, 8.375],
			"to": [8.5, 31.875, 8.5],
			"faces": {
				"north": {"uv": [0.21875, 1.84375, 0, 1.875], "texture": "#mesh_atlas"},
				"east": {"uv": [0.34375, 3.78125, 0.3125, 3.8125], "texture": "#mesh_atlas"},
				"south": {"uv": [0, 1.8125, 0.21875, 1.84375], "texture": "#mesh_atlas"},
				"west": {"uv": [0.3125, 3.875, 0.34375, 3.90625], "texture": "#mesh_atlas"},
				"up": {"uv": [0, 1.90625, 0.21875, 1.875], "texture": "#mesh_atlas"},
				"down": {"uv": [0, 1.90625, 0.21875, 1.9375], "texture": "#mesh_atlas"}
			}
		},
		{
			"name": "Voxels",
			"from": [7.625, 31.875, 7.75],
			"to": [8.5, 32, 8.375],
			"faces": {
				"north": {"uv": [0.21875, 1.78125, 0, 1.8125], "texture": "#mesh_atlas"},
				"east": {"uv": [0.3125, 1, 0.15625, 1.03125], "texture": "#mesh_atlas"},
				"south": {"uv": [0, 1.75, 0.21875, 1.78125], "texture": "#mesh_atlas"},
				"west": {"uv": [0, 1, 0.15625, 1.03125], "texture": "#mesh_atlas"},
				"up": {"uv": [0, 4.125, 0.21875, 3.96875], "texture": "#mesh_atlas"},
				"down": {"uv": [0, 3.5, 0.21875, 3.65625], "texture": "#mesh_atlas"}
			}
		},
		{
			"name": "Voxels",
			"from": [7.75, -15, 7.625],
			"to": [8.375, -14.875, 7.75],
			"faces": {
				"north": {"uv": [0.15625, 0.9375, 0, 0.96875], "texture": "#mesh_atlas"},
				"east": {"uv": [0.34375, 3.5, 0.3125, 3.53125], "texture": "#mesh_atlas"},
				"south": {"uv": [0.15625, 0.9375, 0.3125, 0.96875], "texture": "#mesh_atlas"},
				"west": {"uv": [0.3125, 3.53125, 0.34375, 3.5625], "texture": "#mesh_atlas"},
				"up": {"uv": [0.15625, 1, 0.3125, 0.96875], "texture": "#mesh_atlas"},
				"down": {"uv": [0, 0.96875, 0.15625, 1], "texture": "#mesh_atlas"}
			}
		},
		{
			"name": "Voxels",
			"from": [7.75, -15, 8.375],
			"to": [8.375, -14.875, 8.5],
			"faces": {
				"north": {"uv": [0.15625, 1.21875, 0, 1.25], "texture": "#mesh_atlas"},
				"east": {"uv": [0.3125, 3.15625, 0.28125, 3.1875], "texture": "#mesh_atlas"},
				"south": {"uv": [0.15625, 0.84375, 0.3125, 0.875], "texture": "#mesh_atlas"},
				"west": {"uv": [0.3125, 3.25, 0.34375, 3.28125], "texture": "#mesh_atlas"},
				"up": {"uv": [0.15625, 0.90625, 0.3125, 0.875], "texture": "#mesh_atlas"},
				"down": {"uv": [0, 0.875, 0.15625, 0.90625], "texture": "#mesh_atlas"}
			}
		},
		{
			"name": "Voxels",
			"from": [7.75, -14.875, 7.5],
			"to": [8.375, -14.75, 7.625],
			"faces": {
				"north": {"uv": [0.15625, 0.75, 0, 0.78125], "texture": "#mesh_atlas"},
				"east": {"uv": [0.3125, 3.125, 0.28125, 3.15625], "texture": "#mesh_atlas"},
				"south": {"uv": [0.15625, 0.75, 0.3125, 0.78125], "texture": "#mesh_atlas"},
				"west": {"uv": [0.3125, 3.15625, 0.34375, 3.1875], "texture": "#mesh_atlas"},
				"up": {"uv": [0.15625, 0.8125, 0.3125, 0.78125], "texture": "#mesh_atlas"},
				"down": {"uv": [0, 0.78125, 0.15625, 0.8125], "texture": "#mesh_atlas"}
			}
		},
		{
			"name": "Voxels",
			"from": [7.75, -14.875, 8.5],
			"to": [8.375, -14.75, 8.625],
			"faces": {
				"north": {"uv": [0.3125, 1.09375, 0.15625, 1.125], "texture": "#mesh_atlas"},
				"east": {"uv": [0.34375, 3.125, 0.3125, 3.15625], "texture": "#mesh_atlas"},
				"south": {"uv": [0, 1.0625, 0.15625, 1.09375], "texture": "#mesh_atlas"},
				"west": {"uv": [0.3125, 3.90625, 0.34375, 3.9375], "texture": "#mesh_atlas"},
				"up": {"uv": [0, 1.125, 0.15625, 1.09375], "texture": "#mesh_atlas"},
				"down": {"uv": [0, 0.8125, 0.15625, 0.84375], "texture": "#mesh_atlas"}
			}
		},
		{
			"name": "Voxels",
			"from": [7.75, -14.625, 7.375],
			"to": [8.375, 31.625, 7.5],
			"faces": {
				"north": {"uv": [4.53125, 4.4375, 4.375, 16], "texture": "#mesh_atlas"},
				"east": {"uv": [5.34375, 4.4375, 5.3125, 16], "texture": "#mesh_atlas"},
				"south": {"uv": [4.0625, 4.4375, 4.21875, 16], "texture": "#mesh_atlas"},
				"west": {"uv": [5.34375, 4.4375, 5.375, 16], "texture": "#mesh_atlas"},
				"up": {"uv": [0.15625, 0.9375, 0.3125, 0.90625], "texture": "#mesh_atlas"},
				"down": {"uv": [0, 0.90625, 0.15625, 0.9375], "texture": "#mesh_atlas"}
			}
		},
		{
			"name": "Voxels",
			"from": [7.75, -14.625, 8.625],
			"to": [8.375, 31.625, 8.75],
			"faces": {
				"north": {"uv": [4.6875, 4.4375, 4.53125, 16], "texture": "#mesh_atlas"},
				"east": {"uv": [5.3125, 4.4375, 5.28125, 16], "texture": "#mesh_atlas"},
				"south": {"uv": [4.21875, 4.4375, 4.375, 16], "texture": "#mesh_atlas"},
				"west": {"uv": [5.25, 4.4375, 5.28125, 16], "texture": "#mesh_atlas"},
				"up": {"uv": [0.15625, 1.0625, 0.3125, 1.03125], "texture": "#mesh_atlas"},
				"down": {"uv": [0.15625, 0.71875, 0.3125, 0.75], "texture": "#mesh_atlas"}
			}
		},
		{
			"name": "Voxels",
			"from": [7.75, 31.75, 7.5],
			"to": [8.375, 31.875, 7.625],
			"faces": {
				"north": {"uv": [0.3125, 0.65625, 0.15625, 0.6875], "texture": "#mesh_atlas"},
				"east": {"uv": [0.34375, 3.5625, 0.3125, 3.59375], "texture": "#mesh_atlas"},
				"south": {"uv": [0, 0.625, 0.15625, 0.65625], "texture": "#mesh_atlas"},
				"west": {"uv": [0.3125, 3.59375, 0.34375, 3.625], "texture": "#mesh_atlas"},
				"up": {"uv": [0, 0.6875, 0.15625, 0.65625], "texture": "#mesh_atlas"},
				"down": {"uv": [0.15625, 0.6875, 0.3125, 0.71875], "texture": "#mesh_atlas"}
			}
		},
		{
			"name": "Voxels",
			"from": [7.75, 31.75, 8.5],
			"to": [8.375, 31.875, 8.625],
			"faces": {
				"north": {"uv": [0.15625, 0.6875, 0, 0.71875], "texture": "#mesh_atlas"},
				"east": {"uv": [0.34375, 3.21875, 0.3125, 3.25], "texture": "#mesh_atlas"},
				"south": {"uv": [0, 1.1875, 0.15625, 1.21875], "texture": "#mesh_atlas"},
				"west": {"uv": [0.28125, 3.21875, 0.3125, 3.25], "texture": "#mesh_atlas"},
				"up": {"uv": [0.15625, 1.25, 0.3125, 1.21875], "texture": "#mesh_atlas"},
				"down": {"uv": [0.15625, 0.625, 0.3125, 0.65625], "texture": "#mesh_atlas"}
			}
		},
		{
			"name": "Voxels",
			"from": [7.75, 31.875, 7.625],
			"to": [8.375, 32, 7.75],
			"faces": {
				"north": {"uv": [0.3125, 1.15625, 0.15625, 1.1875], "texture": "#mesh_atlas"},
				"east": {"uv": [0.34375, 4, 0.3125, 4.03125], "texture": "#mesh_atlas"},
				"south": {"uv": [0, 1.125, 0.15625, 1.15625], "texture": "#mesh_atlas"},
				"west": {"uv": [0.3125, 4.03125, 0.34375, 4.0625], "texture": "#mesh_atlas"},
				"up": {"uv": [0, 1.1875, 0.15625, 1.15625], "texture": "#mesh_atlas"},
				"down": {"uv": [0.15625, 1.1875, 0.3125, 1.21875], "texture": "#mesh_atlas"}
			}
		},
		{
			"name": "Voxels",
			"from": [7.75, 31.875, 8.375],
			"to": [8.375, 32, 8.5],
			"faces": {
				"north": {"uv": [0.15625, 1.03125, 0, 1.0625], "texture": "#mesh_atlas"},
				"east": {"uv": [0.34375, 3.8125, 0.3125, 3.84375], "texture": "#mesh_atlas"},
				"south": {"uv": [0, 0.84375, 0.15625, 0.875], "texture": "#mesh_atlas"},
				"west": {"uv": [0.3125, 3.84375, 0.34375, 3.875], "texture": "#mesh_atlas"},
				"up": {"uv": [0.15625, 1.09375, 0.3125, 1.0625], "texture": "#mesh_atlas"},
				"down": {"uv": [0.15625, 1.125, 0.3125, 1.15625], "texture": "#mesh_atlas"}
			}
		},
		{
			"name": "Voxels",
			"from": [7.875, -14.75, 7.375],
			"to": [8.25, -14.625, 7.5],
			"faces": {
				"north": {"uv": [0.3125, 3.90625, 0.21875, 3.9375], "texture": "#mesh_atlas"},
				"east": {"uv": [0.34375, 3.625, 0.3125, 3.65625], "texture": "#mesh_atlas"},
				"south": {"uv": [0.21875, 3.875, 0.3125, 3.90625], "texture": "#mesh_atlas"},
				"west": {"uv": [0.3125, 3.65625, 0.34375, 3.6875], "texture": "#mesh_atlas"},
				"up": {"uv": [0.21875, 3.96875, 0.3125, 3.9375], "texture": "#mesh_atlas"},
				"down": {"uv": [0.21875, 3.96875, 0.3125, 4], "texture": "#mesh_atlas"}
			}
		},
		{
			"name": "Voxels",
			"from": [7.875, -14.75, 8.625],
			"to": [8.25, -14.625, 8.75],
			"faces": {
				"north": {"uv": [0.3125, 3.78125, 0.21875, 3.8125], "texture": "#mesh_atlas"},
				"east": {"uv": [0.34375, 3.28125, 0.3125, 3.3125], "texture": "#mesh_atlas"},
				"south": {"uv": [0.21875, 3.75, 0.3125, 3.78125], "texture": "#mesh_atlas"},
				"west": {"uv": [0.28125, 3.28125, 0.3125, 3.3125], "texture": "#mesh_atlas"},
				"up": {"uv": [0.21875, 3.84375, 0.3125, 3.8125], "texture": "#mesh_atlas"},
				"down": {"uv": [0.21875, 3.84375, 0.3125, 3.875], "texture": "#mesh_atlas"}
			}
		},
		{
			"name": "Voxels",
			"from": [7.875, 31.625, 7.375],
			"to": [8.25, 31.75, 7.5],
			"faces": {
				"north": {"uv": [0.3125, 3.65625, 0.21875, 3.6875], "texture": "#mesh_atlas"},
				"east": {"uv": [0.34375, 3.1875, 0.3125, 3.21875], "texture": "#mesh_atlas"},
				"south": {"uv": [0.21875, 3.625, 0.3125, 3.65625], "texture": "#mesh_atlas"},
				"west": {"uv": [0.28125, 3.1875, 0.3125, 3.21875], "texture": "#mesh_atlas"},
				"up": {"uv": [0.21875, 3.71875, 0.3125, 3.6875], "texture": "#mesh_atlas"},
				"down": {"uv": [0.21875, 3.71875, 0.3125, 3.75], "texture": "#mesh_atlas"}
			}
		},
		{
			"name": "Voxels",
			"from": [7.875, 31.625, 8.625],
			"to": [8.25, 31.75, 8.75],
			"faces": {
				"north": {"uv": [0.3125, 3.53125, 0.21875, 3.5625], "texture": "#mesh_atlas"},
				"east": {"uv": [0.34375, 3.09375, 0.3125, 3.125], "texture": "#mesh_atlas"},
				"south": {"uv": [0.21875, 3.5, 0.3125, 3.53125], "texture": "#mesh_atlas"},
				"west": {"uv": [0.28125, 3.09375, 0.3125, 3.125], "texture": "#mesh_atlas"},
				"up": {"uv": [0.21875, 3.59375, 0.3125, 3.5625], "texture": "#mesh_atlas"},
				"down": {"uv": [0.21875, 3.59375, 0.3125, 3.625], "texture": "#mesh_atlas"}
			}
		}
	],
	"display": {
		"thirdperson_righthand": {
			"translation": [-0.25, 0, 0.75],
			"scale": [0.7, 0.9, 0.7]
		},
		"thirdperson_lefthand": {
			"rotation": [70, 0.5, 42],
			"translation": [-5.75, -6.5, 6.5],
			"scale": [0.7, 0.9, 0.7]
		},
		"firstperson_righthand": {
			"rotation": [-28, 0, 0],
			"translation": [7.75, 0, -9.25],
			"scale": [0.7, 0.9, 0.7]
		},
		"firstperson_lefthand": {
			"rotation": [-28, 0, 0],
			"translation": [7.75, 0, -9.25],
			"scale": [0.7, 0.9, 0.7]
		},
		"ground": {
			"rotation": [50, 0, 0],
			"translation": [0, 9.75, -1],
			"scale": [0.7, 0.9, 0.7]
		},
		"gui": {
			"rotation": [0, 0, 45],
			"scale": [0.5, 0.7, 0.5]
		},
		"fixed": {
			"translation": [0, 0, -2.75],
			"scale": [0.7, 0.9, 0.7]
		}
	}
}