{
	"credit": "Made with Blockbench",
	"textures": {
		"0": "triland:item/1978scoutyamada",
		"particle": "triland:item/1978scoutyamada"
	},
	"elements": [
		{
			"from": [-1.34694, 0.09981, -9.24414],
			"to": [1.27272, 1.14767, -6.10055],
			"rotation": {"angle": 0, "axis": "y", "origin": [8.1712, 4.6391, -7.6337]},
			"faces": {
				"north": {"uv": [3.75, 7.5, 3, 8.25], "texture": "#0"},
				"east": {"uv": [3.75, 7.5, 3, 8.25], "texture": "#0"},
				"south": {"uv": [3.75, 7.5, 3, 8.25], "texture": "#0"},
				"west": {"uv": [3.75, 7.5, 3, 8.25], "texture": "#0"},
				"up": {"uv": [3.75, 7.5, 3, 8.25], "texture": "#0"},
				"down": {"uv": [3.75, 7.5, 3, 8.25], "texture": "#0"}
			}
		},
		{
			"from": [-1.34694, 2.51344, -4.38771],
			"to": [1.27272, 5.65703, -3.33984],
			"rotation": {"angle": 45, "axis": "x", "origin": [8.1712, 4.6391, -7.6337]},
			"faces": {
				"north": {"uv": [2, 7.25, 2.25, 8], "texture": "#0"},
				"east": {"uv": [2, 7.25, 2.25, 8], "texture": "#0"},
				"south": {"uv": [2, 7.25, 2.25, 8], "texture": "#0"},
				"west": {"uv": [2, 7.25, 2.25, 8], "texture": "#0"},
				"up": {"uv": [2, 7.25, 2.25, 8], "texture": "#0"},
				"down": {"uv": [2, 7.25, 2.25, 8], "texture": "#0"}
			}
		},
		{
			"from": [-1.34694, 2.32267, -4.92556],
			"to": [1.27272, 5.46626, -3.8777],
			"rotation": {"angle": 0, "axis": "y", "origin": [8.1712, 4.6391, -7.6337]},
			"faces": {
				"north": {"uv": [1.5, 7, 2.25, 7.75], "texture": "#0"},
				"east": {"uv": [1.5, 7, 2.25, 7.75], "texture": "#0"},
				"south": {"uv": [1.5, 7, 2.25, 7.75], "texture": "#0"},
				"west": {"uv": [1.5, 7, 2.25, 7.75], "texture": "#0"},
				"up": {"uv": [1.5, 7, 2.25, 7.75], "texture": "#0"},
				"down": {"uv": [1.5, 7, 2.25, 7.75], "texture": "#0"}
			}
		},
		{
			"from": [-1.34694, 2.56809, -5.44078],
			"to": [1.27272, 5.71168, -4.39292],
			"rotation": {"angle": -45, "axis": "x", "origin": [8.1712, 4.6391, -7.6337]},
			"faces": {
				"north": {"uv": [0.25, 7, 1, 7.75], "texture": "#0"},
				"east": {"uv": [0.25, 7, 1, 7.75], "texture": "#0"},
				"south": {"uv": [0.25, 7, 1, 7.75], "texture": "#0"},
				"west": {"uv": [0.25, 7, 1, 7.75], "texture": "#0"},
				"up": {"uv": [0.25, 7, 1, 7.75], "texture": "#0"},
				"down": {"uv": [0.25, 7, 1, 7.75], "texture": "#0"}
			}
		},
		{
			"from": [-1.34694, 6.64125, -9.24414],
			"to": [1.27272, 7.68911, -6.10055],
			"rotation": {"angle": 0, "axis": "y", "origin": [8.1712, 4.6391, -7.6337]},
			"faces": {
				"north": {"uv": [1.5, 7, 2.25, 7.25], "texture": "#0"},
				"east": {"uv": [1.5, 7, 2.25, 7.25], "texture": "#0"},
				"south": {"uv": [1.5, 7, 2.25, 7.25], "texture": "#0"},
				"west": {"uv": [1.5, 7, 2.25, 7.25], "texture": "#0"},
				"up": {"uv": [1.5, 7, 2.25, 7.25], "texture": "#0"},
				"down": {"uv": [1.5, 7, 2.25, 7.25], "texture": "#0"}
			}
		},
		{
			"from": [-1.34694, 2.51344, -10.92914],
			"to": [1.27272, 5.65703, -9.88128],
			"rotation": {"angle": 45, "axis": "x", "origin": [8.1712, 4.6391, -7.6337]},
			"faces": {
				"north": {"uv": [1.5, 7.5, 1.75, 8.25], "texture": "#0"},
				"east": {"uv": [1.5, 7.5, 1.75, 8.25], "texture": "#0"},
				"south": {"uv": [1.5, 7.5, 1.75, 8.25], "texture": "#0"},
				"west": {"uv": [1.5, 7.5, 1.75, 8.25], "texture": "#0"},
				"up": {"uv": [1.5, 7.5, 1.75, 8.25], "texture": "#0"},
				"down": {"uv": [1.5, 7.5, 1.75, 8.25], "texture": "#0"}
			}
		},
		{
			"from": [-1.34694, 2.32267, -11.467],
			"to": [1.27272, 5.46626, -10.41913],
			"rotation": {"angle": 0, "axis": "y", "origin": [8.1712, 4.6391, -7.6337]},
			"faces": {
				"north": {"uv": [2.5, 7, 2.75, 7.75], "texture": "#0"},
				"east": {"uv": [2.5, 7, 2.75, 7.75], "texture": "#0"},
				"south": {"uv": [2.5, 7, 2.75, 7.75], "texture": "#0"},
				"west": {"uv": [2.5, 7, 2.75, 7.75], "texture": "#0"},
				"up": {"uv": [2.5, 7, 2.75, 7.75], "texture": "#0"},
				"down": {"uv": [2.5, 7, 2.75, 7.75], "texture": "#0"}
			}
		},
		{
			"from": [-1.34694, 2.56809, -11.98222],
			"to": [1.27272, 5.71168, -10.93435],
			"rotation": {"angle": -45, "axis": "x", "origin": [8.1712, 4.6391, -7.6337]},
			"faces": {
				"north": {"uv": [3.5, 7, 3.75, 7.75], "texture": "#0"},
				"east": {"uv": [3.5, 7, 3.75, 7.75], "texture": "#0"},
				"south": {"uv": [3.5, 7, 3.75, 7.75], "texture": "#0"},
				"west": {"uv": [3.5, 7, 3.75, 7.75], "texture": "#0"},
				"up": {"uv": [3.5, 7, 3.75, 7.75], "texture": "#0"},
				"down": {"uv": [3.5, 7, 3.75, 7.75], "texture": "#0"}
			}
		},
		{
			"from": [-1.08498, 0.09981, -11.47085],
			"to": [-1.08498, 7.69682, -3.87384],
			"rotation": {"angle": 0, "axis": "y", "origin": [8.1712, 4.6391, -7.6337]},
			"faces": {
				"north": {"uv": [0, 0, 0, 2], "texture": "#0"},
				"east": {"uv": [2, 9, 0, 11], "texture": "#0"},
				"south": {"uv": [0, 0, 0, 2], "texture": "#0"},
				"west": {"uv": [0, 9, 2, 11], "texture": "#0"},
				"up": {"uv": [0, 2, 0, 0], "texture": "#0"},
				"down": {"uv": [0, 0, 0, 2], "texture": "#0"}
			}
		},
		{
			"from": [-1.14732, 0.09981, 19.81605],
			"to": [1.47234, 1.14767, 22.95964],
			"rotation": {"angle": 0, "axis": "y", "origin": [8.10171, 9.35136, 10.40413]},
			"faces": {
				"north": {"uv": [3.75, 7.5, 3, 8.25], "texture": "#0"},
				"east": {"uv": [3.75, 7.5, 3, 8.25], "texture": "#0"},
				"south": {"uv": [3.75, 7.5, 3, 8.25], "texture": "#0"},
				"west": {"uv": [3.75, 7.5, 3, 8.25], "texture": "#0"},
				"up": {"uv": [3.75, 7.5, 3, 8.25], "texture": "#0"},
				"down": {"uv": [3.75, 7.5, 3, 8.25], "texture": "#0"}
			}
		},
		{
			"from": [-1.14732, 11.68761, 24.77619],
			"to": [1.47234, 14.8312, 25.82405],
			"rotation": {"angle": 45, "axis": "x", "origin": [8.10171, 9.35136, 10.40413]},
			"faces": {
				"north": {"uv": [2, 7.25, 2.25, 8], "texture": "#0"},
				"east": {"uv": [2, 7.25, 2.25, 8], "texture": "#0"},
				"south": {"uv": [2, 7.25, 2.25, 8], "texture": "#0"},
				"west": {"uv": [2, 7.25, 2.25, 8], "texture": "#0"},
				"up": {"uv": [2, 7.25, 2.25, 8], "texture": "#0"},
				"down": {"uv": [2, 7.25, 2.25, 8], "texture": "#0"}
			}
		},
		{
			"from": [-1.14732, 2.32267, 24.13463],
			"to": [1.47234, 5.46626, 25.18249],
			"rotation": {"angle": 0, "axis": "y", "origin": [8.10171, 9.35136, 10.40413]},
			"faces": {
				"north": {"uv": [1.5, 7, 2.25, 7.75], "texture": "#0"},
				"east": {"uv": [1.5, 7, 2.25, 7.75], "texture": "#0"},
				"south": {"uv": [1.5, 7, 2.25, 7.75], "texture": "#0"},
				"west": {"uv": [1.5, 7, 2.25, 7.75], "texture": "#0"},
				"up": {"uv": [1.5, 7, 2.25, 7.75], "texture": "#0"},
				"down": {"uv": [1.5, 7, 2.25, 7.75], "texture": "#0"}
			}
		},
		{
			"from": [-1.14732, -3.8457, 17.05896],
			"to": [1.47234, -0.70211, 18.10683],
			"rotation": {"angle": -45, "axis": "x", "origin": [8.10171, 9.35136, 10.40413]},
			"faces": {
				"north": {"uv": [0.25, 7, 1, 7.75], "texture": "#0"},
				"east": {"uv": [0.25, 7, 1, 7.75], "texture": "#0"},
				"south": {"uv": [0.25, 7, 1, 7.75], "texture": "#0"},
				"west": {"uv": [0.25, 7, 1, 7.75], "texture": "#0"},
				"up": {"uv": [0.25, 7, 1, 7.75], "texture": "#0"},
				"down": {"uv": [0.25, 7, 1, 7.75], "texture": "#0"}
			}
		},
		{
			"from": [-1.14732, 6.64125, 19.81605],
			"to": [1.47234, 7.68911, 22.95964],
			"rotation": {"angle": 0, "axis": "y", "origin": [8.10171, 9.35136, 10.40413]},
			"faces": {
				"north": {"uv": [1.5, 7, 2.25, 7.25], "texture": "#0"},
				"east": {"uv": [1.5, 7, 2.25, 7.25], "texture": "#0"},
				"south": {"uv": [1.5, 7, 2.25, 7.25], "texture": "#0"},
				"west": {"uv": [1.5, 7, 2.25, 7.25], "texture": "#0"},
				"up": {"uv": [1.5, 7, 2.25, 7.25], "texture": "#0"},
				"down": {"uv": [1.5, 7, 2.25, 7.25], "texture": "#0"}
			}
		},
		{
			"from": [-1.14732, 11.68761, 18.23475],
			"to": [1.47234, 14.8312, 19.28261],
			"rotation": {"angle": 45, "axis": "x", "origin": [8.10171, 9.35136, 10.40413]},
			"faces": {
				"north": {"uv": [1.5, 7.5, 1.75, 8.25], "texture": "#0"},
				"east": {"uv": [1.5, 7.5, 1.75, 8.25], "texture": "#0"},
				"south": {"uv": [1.5, 7.5, 1.75, 8.25], "texture": "#0"},
				"west": {"uv": [1.5, 7.5, 1.75, 8.25], "texture": "#0"},
				"up": {"uv": [1.5, 7.5, 1.75, 8.25], "texture": "#0"},
				"down": {"uv": [1.5, 7.5, 1.75, 8.25], "texture": "#0"}
			}
		},
		{
			"from": [-1.14732, 2.32267, 17.59319],
			"to": [1.47234, 5.46626, 18.64106],
			"rotation": {"angle": 0, "axis": "y", "origin": [8.10171, 9.35136, 10.40413]},
			"faces": {
				"north": {"uv": [2.5, 7, 2.75, 7.75], "texture": "#0"},
				"east": {"uv": [2.5, 7, 2.75, 7.75], "texture": "#0"},
				"south": {"uv": [2.5, 7, 2.75, 7.75], "texture": "#0"},
				"west": {"uv": [2.5, 7, 2.75, 7.75], "texture": "#0"},
				"up": {"uv": [2.5, 7, 2.75, 7.75], "texture": "#0"},
				"down": {"uv": [2.5, 7, 2.75, 7.75], "texture": "#0"}
			}
		},
		{
			"from": [-1.14732, -3.8457, 10.51753],
			"to": [1.47234, -0.70211, 11.56539],
			"rotation": {"angle": -45, "axis": "x", "origin": [8.10171, 9.35136, 10.40413]},
			"faces": {
				"north": {"uv": [3.5, 7, 3.75, 7.75], "texture": "#0"},
				"east": {"uv": [3.5, 7, 3.75, 7.75], "texture": "#0"},
				"south": {"uv": [3.5, 7, 3.75, 7.75], "texture": "#0"},
				"west": {"uv": [3.5, 7, 3.75, 7.75], "texture": "#0"},
				"up": {"uv": [3.5, 7, 3.75, 7.75], "texture": "#0"},
				"down": {"uv": [3.5, 7, 3.75, 7.75], "texture": "#0"}
			}
		},
		{
			"from": [-0.88536, 0.09981, 17.58934],
			"to": [-0.88536, 7.69682, 25.18635],
			"rotation": {"angle": 0, "axis": "y", "origin": [8.10171, 9.35136, 10.40413]},
			"faces": {
				"north": {"uv": [0, 0, 0, 2], "texture": "#0"},
				"east": {"uv": [2, 9, 0, 11], "texture": "#0"},
				"south": {"uv": [0, 0, 0, 2], "texture": "#0"},
				"west": {"uv": [0, 9, 2, 11], "texture": "#0"},
				"up": {"uv": [0, 2, 0, 0], "texture": "#0"},
				"down": {"uv": [0, 0, 0, 2], "texture": "#0"}
			}
		},
		{
			"from": [15.06969, 0.09981, -9.24414],
			"to": [17.68935, 1.14767, -6.10055],
			"rotation": {"angle": 0, "axis": "y", "origin": [8.1712, 4.6391, -7.6337]},
			"faces": {
				"north": {"uv": [3, 7.5, 3.75, 8.25], "texture": "#0"},
				"east": {"uv": [3, 7.5, 3.75, 8.25], "texture": "#0"},
				"south": {"uv": [3, 7.5, 3.75, 8.25], "texture": "#0"},
				"west": {"uv": [3, 7.5, 3.75, 8.25], "texture": "#0"},
				"up": {"uv": [3, 7.5, 3.75, 8.25], "texture": "#0"},
				"down": {"uv": [3, 7.5, 3.75, 8.25], "texture": "#0"}
			}
		},
		{
			"from": [15.06969, 2.51344, -4.38771],
			"to": [17.68935, 5.65703, -3.33984],
			"rotation": {"angle": 45, "axis": "x", "origin": [8.1712, 4.6391, -7.6337]},
			"faces": {
				"north": {"uv": [2.25, 7.25, 2, 8], "texture": "#0"},
				"east": {"uv": [2.25, 7.25, 2, 8], "texture": "#0"},
				"south": {"uv": [2.25, 7.25, 2, 8], "texture": "#0"},
				"west": {"uv": [2.25, 7.25, 2, 8], "texture": "#0"},
				"up": {"uv": [2.25, 7.25, 2, 8], "texture": "#0"},
				"down": {"uv": [2.25, 7.25, 2, 8], "texture": "#0"}
			}
		},
		{
			"from": [15.06969, 2.32267, -4.92556],
			"to": [17.68935, 5.46626, -3.8777],
			"rotation": {"angle": 0, "axis": "y", "origin": [8.1712, 4.6391, -7.6337]},
			"faces": {
				"north": {"uv": [2.25, 7, 1.5, 7.75], "texture": "#0"},
				"east": {"uv": [2.25, 7, 1.5, 7.75], "texture": "#0"},
				"south": {"uv": [2.25, 7, 1.5, 7.75], "texture": "#0"},
				"west": {"uv": [2.25, 7, 1.5, 7.75], "texture": "#0"},
				"up": {"uv": [2.25, 7, 1.5, 7.75], "texture": "#0"},
				"down": {"uv": [2.25, 7, 1.5, 7.75], "texture": "#0"}
			}
		},
		{
			"from": [15.06969, 2.56809, -5.44078],
			"to": [17.68935, 5.71168, -4.39292],
			"rotation": {"angle": -45, "axis": "x", "origin": [8.1712, 4.6391, -7.6337]},
			"faces": {
				"north": {"uv": [1, 7, 0.25, 7.75], "texture": "#0"},
				"east": {"uv": [1, 7, 0.25, 7.75], "texture": "#0"},
				"south": {"uv": [1, 7, 0.25, 7.75], "texture": "#0"},
				"west": {"uv": [1, 7, 0.25, 7.75], "texture": "#0"},
				"up": {"uv": [1, 7, 0.25, 7.75], "texture": "#0"},
				"down": {"uv": [1, 7, 0.25, 7.75], "texture": "#0"}
			}
		},
		{
			"from": [15.06969, 6.64125, -9.24414],
			"to": [17.68935, 7.68911, -6.10055],
			"rotation": {"angle": 0, "axis": "y", "origin": [8.1712, 4.6391, -7.6337]},
			"faces": {
				"north": {"uv": [2.25, 7, 1.5, 7.25], "texture": "#0"},
				"east": {"uv": [2.25, 7, 1.5, 7.25], "texture": "#0"},
				"south": {"uv": [2.25, 7, 1.5, 7.25], "texture": "#0"},
				"west": {"uv": [2.25, 7, 1.5, 7.25], "texture": "#0"},
				"up": {"uv": [2.25, 7, 1.5, 7.25], "texture": "#0"},
				"down": {"uv": [2.25, 7, 1.5, 7.25], "texture": "#0"}
			}
		},
		{
			"from": [15.06969, 2.51344, -10.92914],
			"to": [17.68935, 5.65703, -9.88128],
			"rotation": {"angle": 45, "axis": "x", "origin": [8.1712, 4.6391, -7.6337]},
			"faces": {
				"north": {"uv": [1.75, 7.5, 1.5, 8.25], "texture": "#0"},
				"east": {"uv": [1.75, 7.5, 1.5, 8.25], "texture": "#0"},
				"south": {"uv": [1.75, 7.5, 1.5, 8.25], "texture": "#0"},
				"west": {"uv": [1.75, 7.5, 1.5, 8.25], "texture": "#0"},
				"up": {"uv": [1.75, 7.5, 1.5, 8.25], "texture": "#0"},
				"down": {"uv": [1.75, 7.5, 1.5, 8.25], "texture": "#0"}
			}
		},
		{
			"from": [15.06969, 2.32267, -11.467],
			"to": [17.68935, 5.46626, -10.41913],
			"rotation": {"angle": 0, "axis": "y", "origin": [8.1712, 4.6391, -7.6337]},
			"faces": {
				"north": {"uv": [2.75, 7, 2.5, 7.75], "texture": "#0"},
				"east": {"uv": [2.75, 7, 2.5, 7.75], "texture": "#0"},
				"south": {"uv": [2.75, 7, 2.5, 7.75], "texture": "#0"},
				"west": {"uv": [2.75, 7, 2.5, 7.75], "texture": "#0"},
				"up": {"uv": [2.75, 7, 2.5, 7.75], "texture": "#0"},
				"down": {"uv": [2.75, 7, 2.5, 7.75], "texture": "#0"}
			}
		},
		{
			"from": [15.06969, 2.56809, -11.98222],
			"to": [17.68935, 5.71168, -10.93435],
			"rotation": {"angle": -45, "axis": "x", "origin": [8.1712, 4.6391, -7.6337]},
			"faces": {
				"north": {"uv": [3.75, 7, 3.5, 7.75], "texture": "#0"},
				"east": {"uv": [3.75, 7, 3.5, 7.75], "texture": "#0"},
				"south": {"uv": [3.75, 7, 3.5, 7.75], "texture": "#0"},
				"west": {"uv": [3.75, 7, 3.5, 7.75], "texture": "#0"},
				"up": {"uv": [3.75, 7, 3.5, 7.75], "texture": "#0"},
				"down": {"uv": [3.75, 7, 3.5, 7.75], "texture": "#0"}
			}
		},
		{
			"from": [17.42738, 0.09981, -11.47085],
			"to": [17.42738, 7.69682, -3.87384],
			"rotation": {"angle": 0, "axis": "y", "origin": [8.1712, 4.6391, -7.6337]},
			"faces": {
				"north": {"uv": [0, 0, 0, 2], "texture": "#0"},
				"east": {"uv": [0, 9, 2, 11], "texture": "#0"},
				"south": {"uv": [0, 0, 0, 2], "texture": "#0"},
				"west": {"uv": [2, 9, 0, 11], "texture": "#0"},
				"up": {"uv": [0, 2, 0, 0], "texture": "#0"},
				"down": {"uv": [0, 0, 0, 2], "texture": "#0"}
			}
		},
		{
			"from": [17.12795, 0.09981, 17.53154],
			"to": [17.12795, 7.69682, 25.12856],
			"rotation": {"angle": 0, "axis": "y", "origin": [8.10171, 9.35136, 10.40413]},
			"faces": {
				"north": {"uv": [0, 0, 0, 2], "texture": "#0"},
				"east": {"uv": [0, 9, 2, 11], "texture": "#0"},
				"south": {"uv": [0, 0, 0, 2], "texture": "#0"},
				"west": {"uv": [2, 9, 0, 11], "texture": "#0"},
				"up": {"uv": [0, 2, 0, 0], "texture": "#0"},
				"down": {"uv": [0, 0, 0, 2], "texture": "#0"}
			}
		},
		{
			"from": [14.77026, -3.80484, 10.47666],
			"to": [17.38991, -0.66124, 11.52453],
			"rotation": {"angle": -45, "axis": "x", "origin": [8.10171, 9.35136, 10.40413]},
			"faces": {
				"north": {"uv": [3.75, 7, 3.5, 7.75], "texture": "#0"},
				"east": {"uv": [3.75, 7, 3.5, 7.75], "texture": "#0"},
				"south": {"uv": [3.75, 7, 3.5, 7.75], "texture": "#0"},
				"west": {"uv": [3.75, 7, 3.5, 7.75], "texture": "#0"},
				"up": {"uv": [3.75, 7, 3.5, 7.75], "texture": "#0"},
				"down": {"uv": [3.75, 7, 3.5, 7.75], "texture": "#0"}
			}
		},
		{
			"from": [14.77026, 2.32267, 17.5354],
			"to": [17.38991, 5.46626, 18.58327],
			"rotation": {"angle": 0, "axis": "y", "origin": [8.10171, 9.35136, 10.40413]},
			"faces": {
				"north": {"uv": [2.75, 7, 2.5, 7.75], "texture": "#0"},
				"east": {"uv": [2.75, 7, 2.5, 7.75], "texture": "#0"},
				"south": {"uv": [2.75, 7, 2.5, 7.75], "texture": "#0"},
				"west": {"uv": [2.75, 7, 2.5, 7.75], "texture": "#0"},
				"up": {"uv": [2.75, 7, 2.5, 7.75], "texture": "#0"},
				"down": {"uv": [2.75, 7, 2.5, 7.75], "texture": "#0"}
			}
		},
		{
			"from": [14.77026, 11.64675, 18.19389],
			"to": [17.38991, 14.79034, 19.24175],
			"rotation": {"angle": 45, "axis": "x", "origin": [8.10171, 9.35136, 10.40413]},
			"faces": {
				"north": {"uv": [1.75, 7.5, 1.5, 8.25], "texture": "#0"},
				"east": {"uv": [1.75, 7.5, 1.5, 8.25], "texture": "#0"},
				"south": {"uv": [1.75, 7.5, 1.5, 8.25], "texture": "#0"},
				"west": {"uv": [1.75, 7.5, 1.5, 8.25], "texture": "#0"},
				"up": {"uv": [1.75, 7.5, 1.5, 8.25], "texture": "#0"},
				"down": {"uv": [1.75, 7.5, 1.5, 8.25], "texture": "#0"}
			}
		},
		{
			"from": [14.77026, 6.64125, 19.75826],
			"to": [17.38991, 7.68911, 22.90185],
			"rotation": {"angle": 0, "axis": "y", "origin": [8.10171, 9.35136, 10.40413]},
			"faces": {
				"north": {"uv": [2.25, 7, 1.5, 7.25], "texture": "#0"},
				"east": {"uv": [2.25, 7, 1.5, 7.25], "texture": "#0"},
				"south": {"uv": [2.25, 7, 1.5, 7.25], "texture": "#0"},
				"west": {"uv": [2.25, 7, 1.5, 7.25], "texture": "#0"},
				"up": {"uv": [2.25, 7, 1.5, 7.25], "texture": "#0"},
				"down": {"uv": [2.25, 7, 1.5, 7.25], "texture": "#0"}
			}
		},
		{
			"from": [14.77026, -3.80484, 17.0181],
			"to": [17.38991, -0.66124, 18.06596],
			"rotation": {"angle": -45, "axis": "x", "origin": [8.10171, 9.35136, 10.40413]},
			"faces": {
				"north": {"uv": [1, 7, 0.25, 7.75], "texture": "#0"},
				"east": {"uv": [1, 7, 0.25, 7.75], "texture": "#0"},
				"south": {"uv": [1, 7, 0.25, 7.75], "texture": "#0"},
				"west": {"uv": [1, 7, 0.25, 7.75], "texture": "#0"},
				"up": {"uv": [1, 7, 0.25, 7.75], "texture": "#0"},
				"down": {"uv": [1, 7, 0.25, 7.75], "texture": "#0"}
			}
		},
		{
			"from": [14.77026, 2.32267, 24.07684],
			"to": [17.38991, 5.46626, 25.1247],
			"rotation": {"angle": 0, "axis": "y", "origin": [8.10171, 9.35136, 10.40413]},
			"faces": {
				"north": {"uv": [2.25, 7, 1.5, 7.75], "texture": "#0"},
				"east": {"uv": [2.25, 7, 1.5, 7.75], "texture": "#0"},
				"south": {"uv": [2.25, 7, 1.5, 7.75], "texture": "#0"},
				"west": {"uv": [2.25, 7, 1.5, 7.75], "texture": "#0"},
				"up": {"uv": [2.25, 7, 1.5, 7.75], "texture": "#0"},
				"down": {"uv": [2.25, 7, 1.5, 7.75], "texture": "#0"}
			}
		},
		{
			"from": [14.77026, 11.64675, 24.73532],
			"to": [17.38991, 14.79034, 25.78319],
			"rotation": {"angle": 45, "axis": "x", "origin": [8.10171, 9.35136, 10.40413]},
			"faces": {
				"north": {"uv": [2.25, 7.25, 2, 8], "texture": "#0"},
				"east": {"uv": [2.25, 7.25, 2, 8], "texture": "#0"},
				"south": {"uv": [2.25, 7.25, 2, 8], "texture": "#0"},
				"west": {"uv": [2.25, 7.25, 2, 8], "texture": "#0"},
				"up": {"uv": [2.25, 7.25, 2, 8], "texture": "#0"},
				"down": {"uv": [2.25, 7.25, 2, 8], "texture": "#0"}
			}
		},
		{
			"from": [14.77026, 0.09981, 19.75826],
			"to": [17.38991, 1.14767, 22.90185],
			"rotation": {"angle": 0, "axis": "y", "origin": [8.10171, 9.35136, 10.40413]},
			"faces": {
				"north": {"uv": [3, 7.5, 3.75, 8.25], "texture": "#0"},
				"east": {"uv": [3, 7.5, 3.75, 8.25], "texture": "#0"},
				"south": {"uv": [3, 7.5, 3.75, 8.25], "texture": "#0"},
				"west": {"uv": [3, 7.5, 3.75, 8.25], "texture": "#0"},
				"up": {"uv": [3, 7.5, 3.75, 8.25], "texture": "#0"},
				"down": {"uv": [3, 7.5, 3.75, 8.25], "texture": "#0"}
			}
		},
		{
			"from": [14.44917, 4.74512, 12.69067],
			"to": [16.44945, 12.49339, 28.12989],
			"rotation": {"angle": 0, "axis": "y", "origin": [8.10171, 10.35136, 12.40413]},
			"faces": {
				"north": {"uv": [0, 6.5, 4.5, 8.5], "texture": "#0"},
				"east": {"uv": [11, 0, 16, 2.25], "texture": "#0"},
				"south": {"uv": [15.5, 13.75, 16, 16], "texture": "#0"},
				"west": {"uv": [5.25, 16, 7.5, 12.5], "rotation": 90, "texture": "#0"},
				"up": {"uv": [9.5, 9, 9, 7.25], "texture": "#0"},
				"down": {"uv": [4.5, 6.25, 0, 8.25], "texture": "#0"}
			}
		},
		{
			"from": [-0.2343, 4.73549, 12.69067],
			"to": [1.76598, 12.48376, 28.12989],
			"rotation": {"angle": 0, "axis": "y", "origin": [-6.58177, 10.34174, 12.40413]},
			"faces": {
				"north": {"uv": [0, 6.5, 4.5, 8.5], "texture": "#0"},
				"east": {"uv": [5.25, 12.5, 7.5, 16], "rotation": 90, "texture": "#0"},
				"south": {"uv": [11.5, 13.75, 12, 16], "texture": "#0"},
				"west": {"uv": [16, 0, 11, 2.25], "texture": "#0"},
				"up": {"uv": [9, 9, 9.5, 7.25], "texture": "#0"},
				"down": {"uv": [4.5, 6.25, 0, 8.25], "texture": "#0"}
			}
		},
		{
			"from": [1.7657, 4.73549, 26.69067],
			"to": [14.46598, 12.48376, 28.12989],
			"rotation": {"angle": 0, "axis": "y", "origin": [-4.58177, 10.34174, 9.40413]},
			"faces": {
				"north": {"uv": [5.25, 12.5, 9, 14.5], "texture": "#0"},
				"east": {"uv": [10.5, 0, 16, 2.25], "texture": "#0"},
				"south": {"uv": [12.25, 13.75, 15.25, 16], "texture": "#0"},
				"west": {"uv": [16, 0, 10.5, 2.25], "texture": "#0"},
				"up": {"uv": [5, 9, 9, 8.5], "texture": "#0"},
				"down": {"uv": [4.5, 6.25, 0, 8.25], "texture": "#0"}
			}
		},
		{
			"from": [1.7657, 4.73549, 8.69067],
			"to": [14.46598, 12.48376, 10.12989],
			"rotation": {"angle": 0, "axis": "y", "origin": [-4.58177, 10.34174, -8.59587]},
			"faces": {
				"north": {"uv": [0, 6.5, 4.5, 8.5], "texture": "#0"},
				"east": {"uv": [10.5, 0, 16, 2.25], "texture": "#0"},
				"south": {"uv": [5.5, 12.5, 8.5, 14.75], "texture": "#0"},
				"west": {"uv": [16, 0, 10.5, 2.25], "texture": "#0"},
				"up": {"uv": [9, 9, 9.5, 7.25], "texture": "#0"},
				"down": {"uv": [4.5, 6.25, 0, 8.25], "texture": "#0"}
			}
		},
		{
			"from": [-0.50791, 12.93477, -4.15628],
			"to": [0.17611, 13.48199, -3.81427],
			"rotation": {"angle": 0, "axis": "y", "origin": [8.10171, 10.35136, 5.80413]},
			"faces": {
				"north": {"uv": [9.25, 9, 9.5, 9.25], "texture": "#0"},
				"east": {"uv": [9.25, 9, 9.5, 9.25], "texture": "#0"},
				"south": {"uv": [9.25, 9, 9.5, 9.25], "texture": "#0"},
				"west": {"uv": [9.25, 9, 9.5, 9.25], "texture": "#0"},
				"up": {"uv": [9.25, 9, 9.5, 9.25], "texture": "#0"},
				"down": {"uv": [9.25, 9, 9.5, 9.25], "texture": "#0"}
			}
		},
		{
			"from": [16.63147, 12.56675, -4.42989],
			"to": [18.55637, 13.85001, -3.54066],
			"rotation": {"angle": 0, "axis": "y", "origin": [8.10171, 10.35136, 5.80413]},
			"faces": {
				"north": {"uv": [8.25, 9, 8.75, 9.25], "texture": "#0"},
				"east": {"uv": [8.25, 9, 8.75, 9.25], "texture": "#0"},
				"south": {"uv": [3.5, 3.5, 4, 3.75], "texture": "#0"},
				"west": {"uv": [8.25, 9, 8.75, 9.25], "texture": "#0"},
				"up": {"uv": [8.25, 9, 8.75, 9.25], "texture": "#0"},
				"down": {"uv": [8.25, 9, 8.75, 9.25], "texture": "#0"}
			}
		},
		{
			"from": [-2.35295, 12.56675, -4.42989],
			"to": [-0.42806, 13.85001, -3.54066],
			"rotation": {"angle": 0, "axis": "y", "origin": [8.10171, 10.35136, 5.80413]},
			"faces": {
				"north": {"uv": [8.75, 9, 8.25, 9.25], "texture": "#0"},
				"east": {"uv": [8.75, 9, 8.25, 9.25], "texture": "#0"},
				"south": {"uv": [0.75, 3.5, 0.25, 3.75], "texture": "#0"},
				"west": {"uv": [8.75, 9, 8.25, 9.25], "texture": "#0"},
				"up": {"uv": [8.75, 9, 8.25, 9.25], "texture": "#0"},
				"down": {"uv": [8.75, 9, 8.25, 9.25], "texture": "#0"}
			}
		},
		{
			"from": [15.94745, 12.93477, -4.15628],
			"to": [16.63147, 13.48199, -3.81427],
			"rotation": {"angle": 0, "axis": "y", "origin": [8.10171, 10.35136, 5.80413]},
			"faces": {
				"north": {"uv": [9, 8.75, 9.25, 9], "texture": "#0"},
				"east": {"uv": [9, 8.75, 9.25, 9], "texture": "#0"},
				"south": {"uv": [9, 8.75, 9.25, 9], "texture": "#0"},
				"west": {"uv": [9, 8.75, 9.25, 9], "texture": "#0"},
				"up": {"uv": [9, 8.75, 9.25, 9], "texture": "#0"},
				"down": {"uv": [9, 8.75, 9.25, 9], "texture": "#0"}
			}
		},
		{
			"from": [3.39684, 12.35867, 6.53449],
			"to": [5.87096, 13.52296, 7.69878],
			"rotation": {"angle": 0, "axis": "y", "origin": [8.10171, 10.35136, 8.40413]},
			"faces": {
				"north": {"uv": [7.5, 12.25, 8, 12.5], "texture": "#0"},
				"east": {"uv": [7.5, 12.25, 8, 12.5], "texture": "#0"},
				"south": {"uv": [7.5, 12.25, 8, 12.5], "texture": "#0"},
				"west": {"uv": [7.5, 12.25, 8, 12.5], "texture": "#0"},
				"up": {"uv": [7.5, 12.25, 8, 12.5], "texture": "#0"},
				"down": {"uv": [7.5, 12.25, 8, 12.5], "texture": "#0"}
			}
		},
		{
			"from": [10.38357, 12.35867, 6.53449],
			"to": [12.85769, 13.52296, 7.69878],
			"rotation": {"angle": 0, "axis": "y", "origin": [8.10171, 10.35136, 8.40413]},
			"faces": {
				"north": {"uv": [7.5, 12.25, 8, 12.5], "texture": "#0"},
				"east": {"uv": [7.5, 12.25, 8, 12.5], "texture": "#0"},
				"south": {"uv": [7.5, 12.25, 8, 12.5], "texture": "#0"},
				"west": {"uv": [7.5, 12.25, 8, 12.5], "texture": "#0"},
				"up": {"uv": [7.5, 12.25, 8, 12.5], "texture": "#0"},
				"down": {"uv": [7.5, 12.25, 8, 12.5], "texture": "#0"}
			}
		},
		{
			"from": [1.94147, 11.77652, 6.82556],
			"to": [14.31306, 12.64974, 8.28093],
			"rotation": {"angle": 0, "axis": "y", "origin": [8.10171, 10.35136, 8.40413]},
			"faces": {
				"north": {"uv": [10, 9.5, 10.25, 12.5], "rotation": 90, "texture": "#0"},
				"east": {"uv": [10, 12.25, 10.25, 12.5], "texture": "#0"},
				"south": {"uv": [10, 9.5, 10.25, 12.5], "rotation": 90, "texture": "#0"},
				"west": {"uv": [10, 9.5, 10.25, 9.75], "texture": "#0"},
				"up": {"uv": [10.25, 12.5, 10, 9.5], "rotation": 90, "texture": "#0"},
				"down": {"uv": [10, 12.5, 10.25, 9.5], "rotation": 90, "texture": "#0"}
			}
		},
		{
			"from": [6.47376, 7.48535, -2.24097],
			"to": [9.53003, 9.52287, 6.03586],
			"rotation": {"angle": 0, "axis": "y", "origin": [8.10171, 10.35136, 5.40413]},
			"faces": {
				"north": {"uv": [8.75, 2.5, 10.5, 3], "texture": "#0"},
				"east": {"uv": [8.75, 2.5, 10.5, 3], "texture": "#0"},
				"south": {"uv": [8.75, 2.5, 9.5, 3], "texture": "#0"},
				"west": {"uv": [8.75, 2.5, 10.5, 3], "texture": "#0"},
				"up": {"uv": [8.75, 3, 10.5, 2.5], "rotation": 90, "texture": "#0"},
				"down": {"uv": [8.75, 2.5, 10.5, 3], "texture": "#0"}
			}
		},
		{
			"from": [1.35933, 6.21113, -1.56956],
			"to": [14.64447, 7.48535, 17.5887],
			"rotation": {"angle": 0, "axis": "y", "origin": [8.10171, 10.35136, 8.40413]},
			"faces": {
				"north": {"uv": [9, 7, 12.25, 7.75], "texture": "#0"},
				"east": {"uv": [18, 9.25, 22.75, 10], "texture": "#0"},
				"south": {"uv": [8.25, 15.5, 11.5, 16.25], "texture": "#0"},
				"west": {"uv": [18, 11.75, 22.75, 12.5], "texture": "#0"},
				"up": {"uv": [11, 12.5, 6.25, 9.25], "rotation": 90, "texture": "#0"},
				"down": {"uv": [0, 9, 4.5, 5.75], "rotation": 90, "texture": "#0"}
			}
		},
		{
			"from": [1.35933, 8.41113, 8.63044],
			"to": [14.64447, 9.21113, 27.7887],
			"rotation": {"angle": 0, "axis": "y", "origin": [8.10171, 13.55136, 21.60413]},
			"faces": {
				"north": {"uv": [9, 7, 12.25, 7.75], "texture": "#0"},
				"east": {"uv": [18, 9.25, 22.75, 10], "texture": "#0"},
				"south": {"uv": [8.25, 15.5, 11.5, 16.25], "texture": "#0"},
				"west": {"uv": [18, 11.75, 22.75, 12.5], "texture": "#0"},
				"up": {"uv": [9, 16, 5.25, 12.5], "texture": "#0"},
				"down": {"uv": [0, 9, 4.5, 5.75], "rotation": 90, "texture": "#0"}
			}
		},
		{
			"from": [6.57357, 3.90464, -4.05513],
			"to": [9.43022, 6.81537, -0.56225],
			"rotation": {"angle": 22.5, "axis": "x", "origin": [8.10171, 10.35136, 5.40413]},
			"faces": {
				"north": {"uv": [9.75, 2.5, 10.5, 3.25], "texture": "#0"},
				"east": {"uv": [9.75, 2.5, 10.5, 3.25], "rotation": 270, "texture": "#0"},
				"south": {"uv": [9.75, 2.5, 10.5, 3.25], "texture": "#0"},
				"west": {"uv": [9.75, 2.5, 10.5, 3.25], "rotation": 90, "texture": "#0"},
				"up": {"uv": [10.5, 3.25, 9.75, 2.5], "texture": "#0"},
				"down": {"uv": [10.5, 2.5, 9.75, 3.25], "texture": "#0"}
			}
		},
		{
			"from": [1.94147, 6.09049, 6.28955],
			"to": [14.31306, 11.62089, 7.74492],
			"rotation": {"angle": 22.5, "axis": "x", "origin": [8.10171, 10.35136, 8.40413]},
			"faces": {
				"north": {"uv": [8.75, 9.5, 10.25, 12.5], "rotation": 90, "texture": "#0"},
				"east": {"uv": [8.75, 12.25, 10.25, 12.5], "rotation": 90, "texture": "#0"},
				"south": {"uv": [8.75, 9.5, 10.25, 12.5], "rotation": 90, "texture": "#0"},
				"west": {"uv": [8.75, 9.5, 10.25, 9.75], "rotation": 90, "texture": "#0"},
				"up": {"uv": [18.25, 20.75, 15.25, 20.5], "texture": "#0"},
				"down": {"uv": [21.25, 20.5, 18.25, 20.75], "texture": "#0"}
			}
		},
		{
			"from": [3.39684, 10.2712, -3.76735],
			"to": [5.87096, 11.14442, -2.02091],
			"rotation": {"angle": 0, "axis": "y", "origin": [8.10171, 10.35136, 5.40413]},
			"faces": {
				"north": {"uv": [2, 7.75, 2.5, 8], "texture": "#0"},
				"east": {"uv": [2, 7.75, 2.5, 8], "texture": "#0"},
				"south": {"uv": [2, 7.75, 2.5, 8], "texture": "#0"},
				"west": {"uv": [2, 7.75, 2.5, 8], "texture": "#0"},
				"up": {"uv": [2.5, 8, 2, 7.5], "texture": "#0"},
				"down": {"uv": [2.5, 7.75, 2, 8.25], "texture": "#0"}
			}
		},
		{
			"from": [4.56113, 10.70781, -2.02091],
			"to": [4.70667, 10.85335, -0.85662],
			"rotation": {"angle": 0, "axis": "y", "origin": [8.10171, 10.35136, 5.40413]},
			"faces": {
				"north": {"uv": [3, 7.75, 2.75, 7.5], "texture": "#0"},
				"east": {"uv": [3, 7.75, 2.75, 7.5], "texture": "#0"},
				"south": {"uv": [3, 7.75, 2.75, 7.5], "texture": "#0"},
				"west": {"uv": [3, 7.75, 2.75, 7.5], "texture": "#0"},
				"up": {"uv": [3, 7.75, 2.75, 7.5], "texture": "#0"},
				"down": {"uv": [3, 7.75, 2.75, 7.5], "texture": "#0"}
			}
		},
		{
			"from": [1.94147, 6.6671, 0.63414],
			"to": [14.31306, 8.12247, 6.16454],
			"rotation": {"angle": 0, "axis": "y", "origin": [8.10171, 10.35136, 8.40413]},
			"faces": {
				"north": {"uv": [10, 9.5, 10.25, 12.5], "rotation": 90, "texture": "#0"},
				"east": {"uv": [8.75, 12.25, 10.25, 12.5], "texture": "#0"},
				"south": {"uv": [8.75, 9.5, 9, 12.5], "rotation": 90, "texture": "#0"},
				"west": {"uv": [8.75, 9.5, 10.25, 9.75], "texture": "#0"},
				"up": {"uv": [10.25, 12.5, 8.75, 9.5], "rotation": 90, "texture": "#0"},
				"down": {"uv": [8.75, 12.5, 10.25, 9.5], "rotation": 90, "texture": "#0"}
			}
		},
		{
			"from": [10.38357, 12.35867, 15.53449],
			"to": [12.85769, 13.52296, 16.69878],
			"rotation": {"angle": 0, "axis": "y", "origin": [8.10171, 10.35136, 17.40413]},
			"faces": {
				"north": {"uv": [7.5, 12.25, 8, 12.5], "texture": "#0"},
				"east": {"uv": [7.5, 12.25, 8, 12.5], "texture": "#0"},
				"south": {"uv": [7.5, 12.25, 8, 12.5], "texture": "#0"},
				"west": {"uv": [7.5, 12.25, 8, 12.5], "texture": "#0"},
				"up": {"uv": [7.5, 12.25, 8, 12.5], "texture": "#0"},
				"down": {"uv": [7.5, 12.25, 8, 12.5], "texture": "#0"}
			}
		},
		{
			"from": [1.94147, 11.77652, 15.82556],
			"to": [14.31306, 12.64974, 17.28093],
			"rotation": {"angle": 0, "axis": "y", "origin": [8.10171, 10.35136, 17.40413]},
			"faces": {
				"north": {"uv": [10, 9.5, 10.25, 12.5], "rotation": 90, "texture": "#0"},
				"east": {"uv": [10, 12.25, 10.25, 12.5], "texture": "#0"},
				"south": {"uv": [10, 9.5, 10.25, 12.5], "rotation": 90, "texture": "#0"},
				"west": {"uv": [10, 9.5, 10.25, 9.75], "texture": "#0"},
				"up": {"uv": [10.25, 12.5, 10, 9.5], "rotation": 90, "texture": "#0"},
				"down": {"uv": [10, 12.5, 10.25, 9.5], "rotation": 90, "texture": "#0"}
			}
		},
		{
			"from": [3.39684, 12.35867, 15.53449],
			"to": [5.87096, 13.52296, 16.69878],
			"rotation": {"angle": 0, "axis": "y", "origin": [8.10171, 10.35136, 17.40413]},
			"faces": {
				"north": {"uv": [7.5, 12.25, 8, 12.5], "texture": "#0"},
				"east": {"uv": [7.5, 12.25, 8, 12.5], "texture": "#0"},
				"south": {"uv": [7.5, 12.25, 8, 12.5], "texture": "#0"},
				"west": {"uv": [7.5, 12.25, 8, 12.5], "texture": "#0"},
				"up": {"uv": [7.5, 12.25, 8, 12.5], "texture": "#0"},
				"down": {"uv": [7.5, 12.25, 8, 12.5], "texture": "#0"}
			}
		},
		{
			"from": [1.94147, 6.09049, 15.28955],
			"to": [14.31306, 11.62089, 16.74492],
			"rotation": {"angle": 22.5, "axis": "x", "origin": [8.10171, 10.35136, 17.40413]},
			"faces": {
				"north": {"uv": [8.75, 9.5, 10.25, 12.5], "rotation": 90, "texture": "#0"},
				"east": {"uv": [8.75, 12.25, 10.25, 12.5], "rotation": 90, "texture": "#0"},
				"south": {"uv": [8.75, 9.5, 10.25, 12.5], "rotation": 90, "texture": "#0"},
				"west": {"uv": [8.75, 9.5, 10.25, 9.75], "rotation": 90, "texture": "#0"},
				"up": {"uv": [18.25, 20.75, 15.25, 20.5], "texture": "#0"},
				"down": {"uv": [21.25, 20.5, 18.25, 20.75], "texture": "#0"}
			}
		},
		{
			"from": [1.94147, 6.6671, 9.63414],
			"to": [14.31306, 8.12247, 15.16454],
			"rotation": {"angle": 0, "axis": "y", "origin": [8.10171, 10.35136, 17.40413]},
			"faces": {
				"north": {"uv": [10, 9.5, 10.25, 12.5], "rotation": 90, "texture": "#0"},
				"east": {"uv": [8.75, 12.25, 10.25, 12.5], "texture": "#0"},
				"south": {"uv": [8.75, 9.5, 9, 12.5], "rotation": 90, "texture": "#0"},
				"west": {"uv": [8.75, 9.5, 10.25, 9.75], "texture": "#0"},
				"up": {"uv": [10.25, 12.5, 8.75, 9.5], "rotation": 90, "texture": "#0"},
				"down": {"uv": [8.75, 12.5, 10.25, 9.5], "rotation": 90, "texture": "#0"}
			}
		},
		{
			"from": [2.76455, 11.99872, -0.17835],
			"to": [6.20383, 15.13857, -0.17835],
			"rotation": {"angle": -22.5, "axis": "x", "origin": [8.10171, 10.35136, 5.40413]},
			"faces": {
				"north": {"uv": [0, 11, 1.75, 12.5], "texture": "#0"},
				"east": {"uv": [0, 0, 0, 0.75], "texture": "#0"},
				"south": {"uv": [0, 11, 1.75, 12.5], "texture": "#0"},
				"west": {"uv": [0, 0, 0, 0.75], "texture": "#0"},
				"up": {"uv": [1, 0, 0, 0], "texture": "#0"},
				"down": {"uv": [1, 0, 0, 0], "texture": "#0"}
			}
		},
		{
			"from": [1.81777, 14.38428, -5.04384],
			"to": [14.3058, 15.37133, -3.40219],
			"rotation": {"angle": 22.5, "axis": "x", "origin": [8.10171, 9.75136, 5.80413]},
			"faces": {
				"north": {"uv": [5.5, 8.5, 8.75, 8.75], "texture": "#0"},
				"east": {"uv": [17.75, 22.75, 18.25, 23.25], "texture": "#0"},
				"south": {"uv": [5, 2.5, 8.25, 3], "texture": "#0"},
				"west": {"uv": [18.25, 22.75, 18.75, 23.25], "texture": "#0"},
				"up": {"uv": [8.25, 3, 5, 2.5], "texture": "#0"},
				"down": {"uv": [5.5, 9, 8.75, 8.5], "texture": "#0"}
			}
		},
		{
			"from": [0.19014, 17.49435, -2.03331],
			"to": [15.93343, 19.136, 25.18504],
			"rotation": {"angle": 0, "axis": "y", "origin": [8.10171, 9.75136, 5.80413]},
			"faces": {
				"north": {"uv": [11, 6.5, 15.25, 7], "texture": "#0"},
				"east": {"uv": [11, 6.5, 11.5, 13.75], "rotation": 90, "texture": "#0"},
				"south": {"uv": [11, 13.25, 15.25, 13.75], "texture": "#0"},
				"west": {"uv": [14.75, 13.75, 15.25, 6.5], "rotation": 90, "texture": "#0"},
				"up": {"uv": [15.25, 13.75, 11, 6.5], "texture": "#0"},
				"down": {"uv": [6.25, 9.25, 2, 12.25], "texture": "#0"}
			}
		},
		{
			"from": [14.3058, 6.28235, -5.04384],
			"to": [15.94745, 15.37133, -3.40219],
			"rotation": {"angle": 22.5, "axis": "x", "origin": [8.10171, 9.75136, 5.80413]},
			"faces": {
				"north": {"uv": [4.5, 7, 5, 9.25], "texture": "#0"},
				"east": {"uv": [4.5, 7, 5, 9.25], "texture": "#0"},
				"south": {"uv": [4.5, 7, 5, 9.25], "texture": "#0"},
				"west": {"uv": [4.5, 7, 5, 9.25], "texture": "#0"},
				"up": {"uv": [16.75, 23, 16.25, 22.5], "texture": "#0"},
				"down": {"uv": [23.25, 16.25, 22.75, 16.75], "texture": "#0"}
			}
		},
		{
			"from": [0.15615, 6.28235, -5.04384],
			"to": [1.7978, 15.37133, -3.40219],
			"rotation": {"angle": 22.5, "axis": "x", "origin": [8.10171, 9.75136, 5.80413]},
			"faces": {
				"north": {"uv": [5, 7, 4.5, 9.25], "texture": "#0"},
				"east": {"uv": [5, 7, 4.5, 9.25], "texture": "#0"},
				"south": {"uv": [5, 7, 4.5, 9.25], "texture": "#0"},
				"west": {"uv": [5, 7, 4.5, 9.25], "texture": "#0"},
				"up": {"uv": [16.25, 23, 16.75, 22.5], "texture": "#0"},
				"down": {"uv": [22.75, 16.25, 23.25, 16.75], "texture": "#0"}
			}
		},
		{
			"from": [14.3058, 11.08353, 24.45223],
			"to": [15.94745, 18.97251, 26.09388],
			"rotation": {"angle": -22.5, "axis": "x", "origin": [8.0518, 16.4535, 25.27306]},
			"faces": {
				"north": {"uv": [7.25, 7, 9.5, 6.5], "rotation": 90, "texture": "#0"},
				"east": {"uv": [7.25, 7, 9.5, 6.5], "rotation": 90, "texture": "#0"},
				"south": {"uv": [7.25, 7, 9.5, 6.5], "rotation": 90, "texture": "#0"},
				"west": {"uv": [7.25, 7, 9.5, 6.5], "rotation": 90, "texture": "#0"},
				"up": {"uv": [16.75, 22.5, 16.25, 23], "texture": "#0"},
				"down": {"uv": [23.25, 16.75, 22.75, 16.25], "texture": "#0"}
			}
		},
		{
			"from": [1.81777, 17.98546, 24.45223],
			"to": [14.3058, 18.97251, 26.09388],
			"rotation": {"angle": -22.5, "axis": "x", "origin": [8.0518, 16.4535, 25.27306]},
			"faces": {
				"north": {"uv": [8.25, 2.5, 5, 3], "texture": "#0"},
				"east": {"uv": [18.25, 22.75, 17.75, 23.25], "texture": "#0"},
				"south": {"uv": [14.75, 12.75, 11.5, 13], "texture": "#0"},
				"west": {"uv": [18.75, 22.75, 18.25, 23.25], "texture": "#0"},
				"up": {"uv": [8.25, 2.5, 5, 3], "texture": "#0"},
				"down": {"uv": [11.5, 12.5, 14.75, 13], "texture": "#0"}
			}
		},
		{
			"from": [0.15615, 11.08353, 24.45223],
			"to": [1.7978, 18.97251, 26.09388],
			"rotation": {"angle": -22.5, "axis": "x", "origin": [8.0518, 16.4535, 25.27306]},
			"faces": {
				"north": {"uv": [7.25, 6.5, 9.5, 7], "rotation": 90, "texture": "#0"},
				"east": {"uv": [7.25, 6.5, 9.5, 7], "rotation": 90, "texture": "#0"},
				"south": {"uv": [7.25, 6.5, 9.5, 7], "rotation": 90, "texture": "#0"},
				"west": {"uv": [7.25, 6.5, 9.5, 7], "rotation": 90, "texture": "#0"},
				"up": {"uv": [16.25, 22.5, 16.75, 23], "texture": "#0"},
				"down": {"uv": [22.75, 16.75, 23.25, 16.25], "texture": "#0"}
			}
		},
		{
			"from": [14.29178, 8.40537, 7.54338],
			"to": [15.93343, 17.49435, 9.18504],
			"rotation": {"angle": 0, "axis": "y", "origin": [8.08769, 8.2732, 3.74409]},
			"faces": {
				"north": {"uv": [7.25, 7, 9.5, 6.5], "rotation": 90, "texture": "#0"},
				"east": {"uv": [7.25, 7, 9.5, 6.5], "rotation": 90, "texture": "#0"},
				"south": {"uv": [7.25, 7, 9.5, 6.5], "rotation": 90, "texture": "#0"},
				"west": {"uv": [7.25, 7, 9.5, 6.5], "rotation": 90, "texture": "#0"},
				"up": {"uv": [14, 12, 13.5, 12.5], "texture": "#0"},
				"down": {"uv": [23.25, 16.75, 22.75, 16.25], "texture": "#0"}
			}
		},
		{
			"from": [0.19014, 8.40537, 7.54338],
			"to": [1.83179, 17.49435, 9.18504],
			"rotation": {"angle": 0, "axis": "y", "origin": [8.13569, 8.2732, 3.74409]},
			"faces": {
				"north": {"uv": [7.25, 6.5, 9.5, 7], "rotation": 90, "texture": "#0"},
				"east": {"uv": [7.25, 6.5, 9.5, 7], "rotation": 90, "texture": "#0"},
				"south": {"uv": [7.25, 6.5, 9.5, 7], "rotation": 90, "texture": "#0"},
				"west": {"uv": [7.25, 6.5, 9.5, 7], "rotation": 90, "texture": "#0"},
				"up": {"uv": [16.25, 22.5, 16.75, 23], "texture": "#0"},
				"down": {"uv": [22.75, 16.75, 23.25, 16.25], "texture": "#0"}
			}
		},
		{
			"from": [-0.74133, 8.10723, -10.26075],
			"to": [17.05437, 9.20167, -5.46579],
			"rotation": {"angle": 0, "axis": "y", "origin": [8.1712, 4.6391, -7.6337]},
			"faces": {
				"north": {"uv": [6.75, 5.25, 11.5, 5.5], "texture": "#0"},
				"east": {"uv": [11.25, 5.25, 11.5, 6.5], "rotation": 90, "texture": "#0"},
				"south": {"uv": [6.75, 6.25, 11.5, 6.5], "texture": "#0"},
				"west": {"uv": [6.75, 5.25, 7, 6.5], "rotation": 90, "texture": "#0"},
				"up": {"uv": [11.5, 6.5, 6.75, 5.25], "texture": "#0"},
				"down": {"uv": [4.5, 7, 0, 8.5], "texture": "#0"}
			}
		},
		{
			"from": [-0.73191, 1.66722, -12.71753],
			"to": [17.04383, 6.00772, -11.62309],
			"rotation": {"angle": 45, "axis": "x", "origin": [8.1712, 4.6391, -7.6337]},
			"faces": {
				"north": {"uv": [6.75, 5.75, 11.5, 6.5], "texture": "#0"},
				"east": {"uv": [11.25, 5.75, 11.5, 6.5], "texture": "#0"},
				"south": {"uv": [0, 6.5, 4, 7], "texture": "#0"},
				"west": {"uv": [6.75, 5.75, 7, 6.5], "texture": "#0"},
				"up": {"uv": [11.5, 6, 6.75, 5.75], "texture": "#0"},
				"down": {"uv": [11.5, 6.25, 6.75, 6.5], "texture": "#0"}
			}
		},
		{
			"from": [-0.73191, 0.6444, -3.98525],
			"to": [17.04383, 6.34866, -2.89082],
			"rotation": {"angle": -45, "axis": "x", "origin": [8.1712, 4.6391, -7.6337]},
			"faces": {
				"north": {"uv": [4, 6.5, 0, 7], "texture": "#0"},
				"east": {"uv": [11.5, 5.25, 11.25, 6.5], "texture": "#0"},
				"south": {"uv": [11.5, 5.75, 6.75, 6.5], "texture": "#0"},
				"west": {"uv": [11.5, 5.25, 11.25, 6.5], "texture": "#0"},
				"up": {"uv": [11.5, 5.75, 6.75, 6], "texture": "#0"},
				"down": {"uv": [11.5, 6.5, 6.75, 6.25], "texture": "#0"}
			}
		},
		{
			"from": [-0.73191, 9.61153, 16.7407],
			"to": [16.98506, 15.47623, 17.83513],
			"rotation": {"angle": 45, "axis": "x", "origin": [8.10171, 9.35136, 10.40413]},
			"faces": {
				"north": {"uv": [6.75, 5.75, 11.5, 6.5], "texture": "#0"},
				"east": {"uv": [11.25, 5.25, 11.5, 6.5], "texture": "#0"},
				"south": {"uv": [0, 6.5, 4, 7], "texture": "#0"},
				"west": {"uv": [11.25, 5.25, 11.5, 6.5], "texture": "#0"},
				"up": {"uv": [11.5, 6, 6.75, 5.75], "texture": "#0"},
				"down": {"uv": [11.5, 5.5, 6.75, 5.75], "texture": "#0"}
			}
		},
		{
			"from": [-0.74133, 8.10723, 19.2157],
			"to": [16.9956, 9.20167, 23.60955],
			"rotation": {"angle": 0, "axis": "y", "origin": [8.10171, 9.35136, 10.40413]},
			"faces": {
				"north": {"uv": [6.75, 5.25, 11.5, 5.5], "texture": "#0"},
				"east": {"uv": [11.25, 5.25, 11.5, 6.5], "rotation": 90, "texture": "#0"},
				"south": {"uv": [6.75, 6.25, 11.5, 6.5], "texture": "#0"},
				"west": {"uv": [6.75, 5.25, 7, 6.5], "rotation": 90, "texture": "#0"},
				"up": {"uv": [11.5, 6.5, 6.75, 5.25], "texture": "#0"},
				"down": {"uv": [4.5, 7, 0, 8.5], "texture": "#0"}
			}
		},
		{
			"from": [-0.73191, -4.85281, 18.5252],
			"to": [16.98506, -0.07584, 19.61964],
			"rotation": {"angle": -45, "axis": "x", "origin": [8.10171, 9.35136, 10.40413]},
			"faces": {
				"north": {"uv": [4, 6.5, 0, 7], "texture": "#0"},
				"east": {"uv": [11.5, 5, 11.25, 5.75], "texture": "#0"},
				"south": {"uv": [11.5, 5.75, 6.75, 6.5], "texture": "#0"},
				"west": {"uv": [7, 5.75, 6.75, 6.5], "texture": "#0"},
				"up": {"uv": [11.5, 5.75, 6.75, 6], "texture": "#0"},
				"down": {"uv": [11.5, 5.75, 6.75, 5.5], "texture": "#0"}
			}
		},
		{
			"from": [14.39738, 4.83894, -3.1126],
			"to": [16.44945, 12.48376, 12.69067],
			"rotation": {"angle": 0, "axis": "y", "origin": [8.10171, 10.35136, 5.40413]},
			"faces": {
				"north": {"uv": [1, 20.5, 1.5, 22.5], "texture": "#0"},
				"east": {"uv": [11.75, 3, 16, 5.25], "texture": "#0"},
				"south": {"uv": [1.5, 20.5, 2, 22.5], "texture": "#0"},
				"west": {"uv": [2, 9.25, 6.25, 11.25], "texture": "#0"},
				"up": {"uv": [16, 3, 11.75, 3.5], "rotation": 90, "texture": "#0"},
				"down": {"uv": [4.5, 6, 4, 8.75], "texture": "#0"}
			}
		},
		{
			"from": [-0.79921, 4.46335, -3.65253],
			"to": [17.05408, 6.11834, 15.52503],
			"rotation": {"angle": 0, "axis": "y", "origin": [8.10171, 10.35136, 8.40413]},
			"faces": {
				"north": {"uv": [0, 8.25, 4.5, 9], "texture": "#0"},
				"east": {"uv": [7.75, 4.75, 11.75, 4.25], "texture": "#0"},
				"south": {"uv": [0, 8.25, 4.5, 9], "texture": "#0"},
				"west": {"uv": [11.75, 4.75, 7.75, 4.25], "texture": "#0"},
				"up": {"uv": [11.75, 4.25, 7.75, 4.5], "rotation": 90, "texture": "#0"},
				"down": {"uv": [4.5, 5.75, 0, 9], "texture": "#0"}
			}
		},
		{
			"from": [-0.2343, 4.74512, -3.08066],
			"to": [1.81777, 12.48376, 12.69067],
			"rotation": {"angle": 0, "axis": "y", "origin": [8.10171, 10.35136, 5.40413]},
			"faces": {
				"north": {"uv": [0, 20.5, 0.5, 22.5], "texture": "#0"},
				"east": {"uv": [2, 9.25, 6.25, 11.25], "texture": "#0"},
				"south": {"uv": [0.5, 20.5, 1, 22.5], "texture": "#0"},
				"west": {"uv": [16, 3, 11.75, 5.25], "texture": "#0"},
				"up": {"uv": [16, 3.5, 11.75, 3], "rotation": 90, "texture": "#0"},
				"down": {"uv": [4.5, 6, 4, 8.75], "texture": "#0"}
			}
		},
		{
			"from": [-0.25642, 4.64512, -16],
			"to": [16.47989, 7.02885, -14.25491],
			"rotation": {"angle": 0, "axis": "y", "origin": [8.10171, 9.65136, 4.50413]},
			"faces": {
				"north": {"uv": [6, 1, 10.5, 1.75], "texture": "#0"},
				"east": {"uv": [6, 1, 6.25, 1.75], "texture": "#0"},
				"south": {"uv": [11.5, 14.5, 16, 16], "texture": "#0"},
				"west": {"uv": [10.5, 1, 10.25, 1.75], "texture": "#0"},
				"up": {"uv": [10.5, 1.25, 6, 1], "texture": "#0"},
				"down": {"uv": [4.5, 5.75, 0, 9], "texture": "#0"}
			}
		},
		{
			"from": [-0.25642, 4.64512, 27.25491],
			"to": [16.47989, 7.02885, 29],
			"rotation": {"angle": 0, "axis": "y", "origin": [8.10171, 9.65136, 8.49587]},
			"faces": {
				"north": {"uv": [16, 14.5, 11.5, 16], "texture": "#0"},
				"east": {"uv": [6.25, 1, 6, 1.75], "texture": "#0"},
				"south": {"uv": [10.5, 1, 6, 1.75], "texture": "#0"},
				"west": {"uv": [10.25, 1, 10.5, 1.75], "texture": "#0"},
				"up": {"uv": [10.5, 1, 6, 1.25], "texture": "#0"},
				"down": {"uv": [4.5, 9, 0, 5.75], "texture": "#0"}
			}
		},
		{
			"from": [-0.23654, 4.86801, -15.59016],
			"to": [16.44945, 12.48376, -3.1126],
			"rotation": {"angle": 0, "axis": "y", "origin": [8.10171, 10.35136, 5.40413]},
			"faces": {
				"north": {"uv": [0, 3.5, 4.5, 5.75], "texture": "#0"},
				"east": {"uv": [4.5, 3, 7.75, 5.25], "texture": "#0"},
				"south": {"uv": [2, 9.25, 6.25, 11], "texture": "#0"},
				"west": {"uv": [7.75, 3, 4.5, 5.25], "texture": "#0"},
				"up": {"uv": [4.5, 3.25, 0, 0], "texture": "#0"},
				"down": {"uv": [4.5, 5.75, 0, 9], "texture": "#0"}
			}
		},
		{
			"from": [0.46346, 8.46801, -15.69016],
			"to": [15.74945, 11.78376, -15.69016],
			"rotation": {"angle": 0, "axis": "y", "origin": [8.10171, 9.95136, 5.30413]},
			"faces": {
				"north": {"uv": [11.5, 5.25, 16, 6.25], "texture": "#0"},
				"east": {"uv": [4.5, 3, 7.75, 5.25], "texture": "#0"},
				"south": {"uv": [2, 9.75, 6.25, 11.5], "texture": "#0"},
				"west": {"uv": [7.75, 3, 4.5, 5.25], "texture": "#0"},
				"up": {"uv": [4.5, 3.25, 0, 0], "texture": "#0"},
				"down": {"uv": [4.5, 5.75, 0, 9], "texture": "#0"}
			}
		}
	],
	"display": {
		"thirdperson_righthand": {
			"rotation": [65.25, 0, 2],
			"translation": [-1.5, 0.75, 0],
			"scale": [0.16, 0.16, 0.16]
		},
		"thirdperson_lefthand": {
			"rotation": [65.25, 0, 0],
			"translation": [-1.5, 0.75, 0],
			"scale": [0.16, 0.16, 0.16]
		},
		"firstperson_righthand": {
			"rotation": [21, 101, -13],
			"translation": [1.25, 4, 0],
			"scale": [0.34, 0.34, 0.34]
		},
		"firstperson_lefthand": {
			"rotation": [21, 101, -13],
			"translation": [2.25, 4, 0],
			"scale": [0.34, 0.34, 0.34]
		},
		"ground": {
			"scale": [0.36, 0.36, 0.36]
		},
		"gui": {
			"rotation": [-161.99, -39.91, 176.74],
			"translation": [-0.5, -0.75, 0],
			"scale": [0.35, 0.35, 0.35]
		},
		"head": {
			"translation": [15.25, -22.25, 16.5],
			"scale": [3.23, 3.23, 3.23]
		},
		"fixed": {
			"rotation": [-90, 0, 0],
			"translation": [0, 0, -31.75],
			"scale": [4, 4, 4]
		}
	}
}