{
	"credit": "Made with Blockbench",
	"textures": {
		"0": "triland:item/snowgolem",
		"particle": "triland:item/snowgolem"
	},
	"elements": [
		{
			"from": [6.5, 8, 6.5],
			"to": [9.5, 11, 9.5],
			"rotation": {"angle": 0, "axis": "y", "origin": [8, 9.5, 8]},
			"faces": {
				"north": {"uv": [9, 12, 12, 15], "texture": "#0"},
				"east": {"uv": [0, 12, 3, 15], "texture": "#0"},
				"south": {"uv": [3, 12, 6, 15], "texture": "#0"},
				"west": {"uv": [6, 12, 9, 15], "texture": "#0"},
				"up": {"uv": [3, 9, 6, 12], "texture": "#0"},
				"down": {"uv": [6, 9, 9, 12], "texture": "#0"}
			}
		},
		{
			"from": [6.75, 11, 6.75],
			"to": [9.25, 13.5, 9.25],
			"rotation": {"angle": 0, "axis": "y", "origin": [8, 12, 8]},
			"faces": {
				"north": {"uv": [5, 6.5, 7.5, 9], "texture": "#0"},
				"east": {"uv": [7.5, 6.5, 10, 9], "texture": "#0"},
				"south": {"uv": [2.5, 6.5, 5, 9], "texture": "#0"},
				"west": {"uv": [0, 6.5, 2.5, 9], "texture": "#0"},
				"up": {"uv": [5, 4, 7.5, 6.5], "texture": "#0"},
				"down": {"uv": [2.5, 4, 5, 6.5], "texture": "#0"}
			}
		},
		{
			"from": [7, 13.5, 7],
			"to": [9, 15.5, 9],
			"rotation": {"angle": 0, "axis": "y", "origin": [7.5, 13.5, 7.5]},
			"faces": {
				"north": {"uv": [6, 2, 8, 4], "texture": "#0"},
				"east": {"uv": [4, 2, 6, 4], "texture": "#0"},
				"south": {"uv": [2, 2, 4, 4], "texture": "#0"},
				"west": {"uv": [0, 2, 2, 4], "texture": "#0"},
				"up": {"uv": [2, 0, 4, 2], "texture": "#0"},
				"down": {"uv": [4, 0, 6, 2], "texture": "#0"}
			}
		}
	],
	"display": {
		"ground": {
			"translation": [0, 17.25, 0],
			"scale": [4, 4, 4]
		},
		"head": {
			"translation": [0, 14.25, 0]
		}
	}
}